CreditScore,Geography,Gender,Age,Tenure,Balance,NumOfProducts,HasCrCard,IsActiveMember,EstimatedSalary,Exited,Complain,Satisfaction Score,Card Type,Point Earned
723,France,Male,48,7,0.0,2,1,1,150694.58,0,0,1,PLATINUM,501
636,Germany,Female,48,3,120568.41,1,1,0,190160.04,1,1,2,SILVER,981
671,France,Female,31,7,41299.03,1,0,1,102681.32,0,0,3,DIAMOND,281
524,France,Female,36,10,0.0,2,1,0,109614.57,0,0,2,GOLD,375
783,France,Male,40,6,0.0,2,1,0,109742.55,0,0,1,GOLD,382
850,France,Female,42,8,0.0,1,1,0,19632.64,1,1,5,DIAMOND,366
611,Spain,Female,33,7,0.0,2,1,1,3729.89,0,0,1,DIAMOND,976
670,Spain,Female,29,9,0.0,2,1,0,27359.19,0,0,4,DIAMOND,440
620,France,Female,29,3,0.0,2,0,1,153392.28,0,0,3,SILVER,475
744,Spain,Female,30,1,124037.28,1,1,1,142210.94,0,0,5,DIAMOND,334
606,Spain,Male,42,10,0.0,2,1,0,177938.52,0,0,2,PLATINUM,230
554,France,Female,44,6,92436.86,1,1,0,126033.9,0,0,4,GOLD,938
693,France,Female,35,5,124151.09,1,1,0,88705.14,1,1,5,DIAMOND,854
804,Spain,Male,33,7,76548.6,1,0,1,98453.45,0,0,2,GOLD,994
718,Germany,Female,33,4,70541.06,1,0,0,88592.8,0,0,2,DIAMOND,811
823,France,Male,71,5,149105.08,1,0,1,162683.06,0,0,5,PLATINUM,915
565,France,Male,34,7,0.0,1,0,0,74593.84,0,0,5,SILVER,564
577,Germany,Female,44,1,152086.15,1,0,1,44719.5,1,1,4,PLATINUM,951
649,France,Male,38,1,122214.0,1,0,1,88965.46,0,0,3,DIAMOND,591
704,France,Male,42,8,129735.3,2,1,1,179565.57,0,0,1,PLATINUM,361
741,France,Male,42,6,106036.52,1,1,0,194686.78,1,1,4,DIAMOND,927
785,France,Female,40,3,0.0,2,1,1,96832.82,0,0,1,GOLD,222
585,France,Male,36,7,0.0,2,1,0,94283.09,0,0,4,SILVER,377
691,France,Male,52,3,0.0,1,1,0,175843.68,1,1,3,SILVER,660
479,Germany,Male,24,6,107637.97,2,0,1,169505.83,0,0,5,PLATINUM,456
663,Spain,Male,35,5,0.0,2,1,1,62634.94,0,0,5,SILVER,252
631,France,Female,33,8,0.0,2,0,0,117374.22,0,0,5,PLATINUM,970
641,Spain,Male,25,10,0.0,2,1,1,180808.39,0,0,4,DIAMOND,586
811,France,Male,40,1,101514.89,1,1,1,121765.0,0,0,3,SILVER,749
567,Germany,Male,29,5,129750.68,1,1,0,109257.59,0,0,3,GOLD,886
818,France,Male,36,4,0.0,2,1,1,8037.03,0,0,2,GOLD,266
753,France,Male,35,4,0.0,2,1,1,106303.4,0,0,2,GOLD,759
784,Spain,Male,38,10,122267.85,1,0,0,145759.93,0,0,5,PLATINUM,510
681,France,Male,38,6,153722.47,1,1,0,101319.76,0,0,2,PLATINUM,580
490,France,Male,34,5,122952.9,2,0,0,154360.97,0,0,4,GOLD,957
767,Germany,Female,33,1,144753.21,1,1,1,132480.75,0,0,1,GOLD,541
642,France,Male,35,2,133161.95,1,0,1,122254.86,0,0,3,GOLD,460
849,France,Female,41,6,0.0,2,1,1,169203.51,1,1,1,DIAMOND,618
449,France,Male,52,6,0.0,2,0,1,123622.0,0,0,3,PLATINUM,995
691,France,Male,34,8,133936.04,2,1,0,91359.79,0,0,1,SILVER,861
757,France,Male,47,3,130747.1,1,1,0,143829.54,0,0,1,SILVER,303
785,Germany,Female,36,2,99806.85,1,0,1,36976.52,0,0,5,PLATINUM,786
675,France,Male,54,6,0.0,1,1,0,110273.84,1,1,2,SILVER,420
627,France,Male,44,6,153548.12,1,0,0,35300.08,1,1,2,DIAMOND,740
713,France,Male,38,9,72286.84,2,1,1,26136.89,0,0,1,SILVER,570
659,France,Female,44,9,23503.31,1,0,1,169862.01,1,1,4,GOLD,275
621,Spain,Male,41,5,104631.67,1,1,1,95551.22,0,0,1,PLATINUM,680
696,France,Male,19,1,110928.51,1,1,1,2766.63,0,0,4,PLATINUM,871
850,France,Male,43,7,0.0,2,1,1,173851.11,0,0,3,DIAMOND,368
765,Germany,Male,43,4,148962.76,1,0,1,173878.87,1,1,3,GOLD,873
711,France,Female,35,8,0.0,1,1,1,67508.01,0,0,4,DIAMOND,780
598,Germany,Male,32,9,123938.6,2,1,0,198894.42,0,0,5,DIAMOND,375
596,Spain,Female,54,0,78126.28,1,1,1,153482.91,1,1,2,PLATINUM,479
721,Germany,Male,40,6,100275.88,1,1,0,138564.48,1,1,5,GOLD,889
682,Germany,Female,29,6,101012.77,1,0,0,32589.89,1,1,4,GOLD,937
529,France,Female,38,2,0.0,1,1,0,146388.85,1,1,5,DIAMOND,339
600,Germany,Male,43,8,133379.41,1,1,0,177378.66,1,1,2,DIAMOND,448
656,Spain,Female,41,6,101179.23,2,1,1,35230.61,0,0,2,GOLD,239
550,Spain,Male,51,5,0.0,2,1,0,153917.41,0,0,2,SILVER,977
752,France,Female,53,8,114233.18,1,1,1,51587.04,0,0,4,PLATINUM,347
739,France,Female,36,0,0.0,2,0,0,133465.57,0,0,2,GOLD,323
795,Germany,Female,33,9,130862.43,1,1,1,114935.21,0,0,5,GOLD,411
526,France,Male,28,1,112070.44,1,0,1,126281.83,0,0,4,DIAMOND,486
817,Germany,Female,27,7,129810.6,1,1,1,59259.44,0,0,5,SILVER,675
711,France,Female,39,3,152462.79,1,1,0,90305.97,0,0,5,PLATINUM,851
726,Spain,Female,27,7,123826.07,1,0,1,78970.58,0,0,2,GOLD,535
672,France,Female,50,1,0.0,1,1,0,12106.82,1,1,5,GOLD,247
743,Spain,Female,48,5,118207.69,2,0,0,186489.14,1,1,2,SILVER,947
619,France,Female,30,7,70729.17,1,1,1,160948.87,0,0,1,DIAMOND,962
493,France,Male,38,3,134006.77,1,1,0,89578.32,0,0,5,SILVER,520
497,Spain,Male,44,2,121250.04,1,0,1,79691.4,0,0,3,DIAMOND,595
453,Germany,Female,38,8,120623.21,1,1,0,129697.99,0,0,5,GOLD,364
671,Germany,Female,23,9,123943.18,1,1,1,159553.27,0,0,2,PLATINUM,873
743,France,Male,37,8,69143.91,2,0,1,105780.18,0,0,3,PLATINUM,785
694,France,Male,42,3,156864.2,2,0,0,88890.75,0,0,3,PLATINUM,314
668,Germany,Female,59,5,120170.07,1,0,1,50454.8,0,0,3,DIAMOND,442
521,Germany,Male,52,5,116497.31,3,0,0,53793.1,1,1,3,SILVER,647
669,France,Female,42,9,0.0,2,0,0,135630.32,0,0,2,PLATINUM,526
554,Germany,Female,43,2,120847.11,1,1,0,7611.61,1,1,3,GOLD,646
632,Germany,Female,35,2,150561.03,2,0,0,64722.61,0,0,1,GOLD,506
702,Spain,Female,35,8,14262.8,2,1,0,54689.16,0,0,3,SILVER,372
683,France,Female,32,9,0.0,2,1,1,24991.92,0,1,3,SILVER,862
621,Spain,Male,53,9,170491.84,1,1,0,35588.07,1,1,3,PLATINUM,777
729,France,Male,67,2,94203.8,1,0,1,102391.06,0,0,2,PLATINUM,948
632,Germany,Male,42,4,119624.6,2,1,1,195978.86,0,0,4,PLATINUM,959
716,Germany,Female,30,2,205770.78,2,0,0,65464.66,0,0,2,GOLD,764
602,France,Female,35,8,0.0,2,1,1,152843.53,0,0,2,PLATINUM,677
640,Germany,Male,48,1,111599.32,1,0,1,135995.58,0,0,3,PLATINUM,910
557,Germany,Male,68,2,100194.44,1,1,1,38596.34,0,0,1,GOLD,888
815,Germany,Female,25,8,135161.67,1,1,1,136071.05,0,0,3,DIAMOND,784
587,Germany,Male,35,5,121863.61,1,1,1,23481.69,1,1,2,DIAMOND,260
617,France,Female,28,0,0.0,2,1,1,7597.83,1,1,3,SILVER,922
688,France,Female,39,0,0.0,2,1,0,53222.15,1,1,5,GOLD,765
686,Germany,Male,26,1,57422.62,1,1,1,79189.4,0,0,1,SILVER,612
567,Spain,Male,40,8,28649.64,1,1,1,95140.62,0,0,2,SILVER,488
682,France,Female,26,0,110654.02,1,0,1,111879.21,0,0,2,PLATINUM,899
710,France,Male,21,4,109130.96,2,1,1,56191.99,0,0,5,SILVER,627
649,Spain,Female,32,7,0.0,1,1,0,28797.32,0,0,4,PLATINUM,537
706,Spain,Male,28,3,0.0,2,0,1,181543.67,0,0,3,SILVER,241
603,France,Male,31,8,0.0,2,1,1,169915.02,0,0,3,GOLD,245
515,Germany,Male,37,2,90432.92,1,1,1,188366.04,1,1,1,SILVER,362
582,Germany,Male,41,6,70349.48,2,0,1,178074.04,0,0,5,GOLD,419
646,Germany,Male,48,8,169023.33,2,1,1,175657.55,0,0,4,PLATINUM,593
565,Germany,Male,52,5,97720.35,2,1,0,175070.94,1,1,2,PLATINUM,324
490,France,Female,40,1,0.0,1,1,1,49594.19,1,1,2,DIAMOND,229
560,France,Male,50,3,0.0,2,1,0,84531.79,0,0,2,SILVER,308
505,Germany,Female,25,5,114268.85,2,1,1,126728.27,0,0,2,SILVER,943
841,Germany,Female,33,7,154969.79,2,1,1,99505.75,0,0,3,PLATINUM,907
675,Spain,Male,33,3,0.0,2,1,0,45348.08,0,0,5,GOLD,487
625,Spain,Male,32,7,106957.28,1,1,1,134794.02,0,0,2,SILVER,470
808,Spain,Male,25,7,0.0,2,0,1,23180.37,0,0,4,GOLD,387
633,Spain,Male,63,4,114552.6,1,1,0,73856.28,1,1,5,SILVER,944
654,France,Male,32,6,0.0,2,1,1,137898.57,0,0,5,SILVER,311
844,France,Female,29,8,0.0,2,0,0,147342.03,0,0,3,PLATINUM,807
814,France,Female,31,4,0.0,2,1,1,142029.17,0,0,2,SILVER,321
413,France,Male,34,9,0.0,2,0,0,6534.18,0,0,1,PLATINUM,449
596,Germany,Male,32,3,96709.07,2,0,0,41788.37,0,0,1,GOLD,709
678,Germany,Male,36,3,145747.67,2,0,1,89566.74,0,0,1,SILVER,824
528,France,Female,36,1,156948.41,1,1,1,149912.28,1,1,2,GOLD,711
772,France,Male,43,6,0.0,2,1,1,57675.88,0,0,5,PLATINUM,807
734,Germany,Male,33,5,121898.58,1,1,0,61829.89,0,0,4,PLATINUM,659
606,France,Male,32,5,83161.65,1,1,1,116885.59,0,0,4,PLATINUM,391
614,France,Female,41,3,123475.04,1,1,1,179227.52,0,0,4,PLATINUM,539
453,Germany,Female,40,1,111524.49,1,1,1,120373.84,1,1,4,PLATINUM,867
702,Spain,Male,32,8,71667.74,1,1,1,126082.18,0,0,2,GOLD,225
616,France,Male,18,6,0.0,2,1,1,27308.58,0,0,3,PLATINUM,466
684,Germany,Male,18,9,90544.0,1,0,1,4777.23,0,0,3,PLATINUM,300
584,France,Female,37,1,0.0,2,1,1,180363.56,0,0,2,SILVER,684
717,France,Female,59,4,0.0,2,1,1,170528.63,0,0,1,DIAMOND,359
621,Germany,Male,27,1,74298.43,1,1,1,52581.96,0,0,5,PLATINUM,281
632,France,Male,60,2,0.0,2,0,1,2085.32,0,0,4,SILVER,350
746,France,Male,58,3,0.0,3,1,1,80344.96,1,1,3,SILVER,488
601,France,Male,46,2,99786.07,1,1,1,32683.88,1,1,1,SILVER,284
600,France,Male,46,10,95502.21,1,0,0,19842.18,0,0,2,DIAMOND,363
739,Germany,Male,40,5,149131.03,3,1,1,60036.99,1,1,4,GOLD,335
629,Spain,Male,35,4,174588.8,2,0,1,158420.14,0,0,1,DIAMOND,391
744,Germany,Male,38,6,73023.17,2,1,0,78770.86,0,0,5,GOLD,353
798,France,Male,22,8,0.0,2,1,0,107615.43,0,0,5,GOLD,280
779,Spain,Female,26,4,174318.13,2,0,1,38296.21,0,0,2,PLATINUM,625
594,France,Female,31,9,0.0,1,0,1,5719.11,0,0,5,GOLD,365
606,Germany,Male,36,5,190479.48,2,0,0,179351.89,0,0,5,PLATINUM,929
716,France,Male,41,9,0.0,1,1,1,113267.48,0,0,1,SILVER,237
546,Germany,Female,74,8,114888.74,2,1,1,66732.63,1,1,1,PLATINUM,562
550,Spain,Male,39,2,116120.19,2,1,1,195638.13,0,0,1,GOLD,805
845,Germany,Female,43,3,152063.59,2,1,0,97910.06,0,0,1,DIAMOND,443
737,Germany,Male,31,5,121192.22,2,1,1,74890.58,0,0,2,PLATINUM,815
514,France,Male,26,1,0.0,2,0,0,121551.93,0,0,4,DIAMOND,885
705,France,Male,33,3,144427.96,2,1,0,113845.19,0,0,4,PLATINUM,357
741,France,Male,32,5,0.0,1,1,1,64839.23,0,0,3,SILVER,485
700,France,Female,30,9,0.0,1,1,1,174971.64,0,0,4,DIAMOND,894
521,Germany,Female,61,0,125193.96,1,1,1,109356.53,0,0,4,GOLD,312
636,Spain,Female,36,1,0.0,1,1,0,43134.58,0,0,3,DIAMOND,783
580,Germany,Female,36,3,74974.89,1,1,1,12099.67,0,0,3,SILVER,649
762,Spain,Female,26,7,123709.46,2,1,1,169654.57,0,0,4,PLATINUM,669
727,Spain,Female,41,10,0.0,2,0,1,47468.56,0,0,5,DIAMOND,408
597,France,Male,41,4,153198.23,1,1,1,92090.36,0,0,1,DIAMOND,342
690,Germany,Male,43,2,166522.78,1,0,0,119644.59,1,1,4,DIAMOND,834
691,Germany,Male,30,7,101231.77,2,0,0,156529.44,0,0,2,GOLD,368
657,France,Male,44,6,76495.04,1,1,0,79071.89,0,0,4,SILVER,721
599,Germany,Male,36,3,128960.21,2,1,1,40318.33,0,0,4,DIAMOND,662
612,Spain,Female,62,0,167026.61,2,1,1,192892.05,0,0,1,PLATINUM,739
850,Germany,Female,70,1,96947.58,3,1,0,62282.99,1,1,5,GOLD,365
491,France,Male,33,5,83134.3,1,1,0,187946.55,0,0,1,PLATINUM,686
686,France,Male,37,9,134560.62,1,1,0,27596.39,0,0,1,DIAMOND,617
838,France,Female,34,8,0.0,2,1,0,27472.07,0,0,2,DIAMOND,257
677,France,Female,29,3,86616.35,1,0,0,91903.9,1,1,5,DIAMOND,589
656,Germany,Male,68,7,153545.11,1,1,1,186574.68,0,0,2,DIAMOND,430
712,Spain,Female,48,8,0.0,2,1,0,183235.33,0,0,2,SILVER,923
820,France,Female,29,3,82344.84,1,0,1,115985.38,0,0,2,GOLD,816
771,France,Male,32,5,62321.62,1,1,1,40920.59,0,0,5,DIAMOND,626
626,Spain,Male,26,8,0.0,2,0,0,191420.71,0,0,4,PLATINUM,701
566,France,Female,42,6,0.0,1,1,0,180702.12,1,1,3,GOLD,420
668,France,Male,42,8,187534.79,1,1,1,32900.41,1,1,2,PLATINUM,835
591,France,Female,56,9,128882.49,1,1,1,196241.94,1,1,2,DIAMOND,658
521,France,Male,39,7,0.0,2,0,1,653.58,0,0,4,PLATINUM,912
656,France,Female,48,9,0.0,2,1,1,85240.61,1,1,5,PLATINUM,272
655,France,Female,39,6,94631.26,2,1,1,148948.52,0,0,5,PLATINUM,315
818,France,Female,49,2,0.0,1,0,1,192298.84,1,1,4,GOLD,544
803,Germany,Female,50,8,98173.02,1,0,0,22457.25,1,1,5,PLATINUM,642
806,Spain,Female,37,2,137794.18,2,0,1,75232.02,0,0,2,SILVER,691
579,Spain,Male,22,3,118680.57,1,1,1,49829.8,0,0,5,SILVER,433
416,Germany,Female,41,10,122189.66,2,1,0,98301.61,0,0,3,SILVER,281
701,France,Female,43,2,160416.56,1,0,1,37266.43,0,0,1,SILVER,998
707,France,Female,55,1,0.0,2,0,1,54409.48,0,0,5,GOLD,709
670,Spain,Male,35,2,124268.64,2,0,1,84321.03,0,0,4,DIAMOND,301
696,France,Female,41,8,0.0,2,0,0,28276.83,0,0,3,PLATINUM,628
748,France,Male,44,4,112610.77,1,0,1,2048.55,0,0,3,GOLD,315
600,Germany,Male,30,2,119755.0,1,1,1,21852.91,0,0,1,DIAMOND,910
623,France,Male,45,0,0.0,1,1,0,196533.72,1,1,2,SILVER,679
743,France,Male,36,4,0.0,2,1,1,190911.02,0,0,3,GOLD,739
682,France,Male,48,1,138778.15,1,0,1,168840.23,0,0,5,SILVER,229
664,Spain,Male,41,7,123428.69,1,1,1,164924.11,0,0,2,PLATINUM,315
794,Spain,Male,45,8,88656.37,2,1,0,116547.31,0,0,4,DIAMOND,618
561,France,Male,34,1,78829.53,1,1,1,12148.2,0,0,4,GOLD,773
807,France,Female,34,1,0.0,1,0,0,114448.13,0,0,3,GOLD,306
679,Spain,Female,35,8,119182.73,1,0,0,121210.09,0,0,3,SILVER,369
530,France,Female,48,0,0.0,1,1,0,85081.09,0,0,2,PLATINUM,737
668,Germany,Female,46,7,161806.09,1,1,1,173052.19,0,0,4,GOLD,794
564,Spain,Male,37,9,100252.18,1,1,1,146033.52,0,0,3,PLATINUM,500
734,Spain,Female,39,6,92126.26,2,0,0,112973.34,0,0,5,SILVER,872
611,France,Female,49,2,88915.37,3,0,0,161435.02,1,1,1,PLATINUM,561
850,France,Female,71,4,0.0,2,1,1,107236.87,0,0,3,PLATINUM,518
850,France,Male,40,8,102800.65,1,1,0,60811.56,0,0,3,DIAMOND,833
748,France,Female,26,1,77780.29,1,0,1,183049.41,0,0,3,GOLD,340
565,France,Female,38,5,126645.13,1,1,1,168303.55,0,0,1,DIAMOND,366
721,France,Male,41,6,135071.12,1,1,1,64477.25,0,0,3,SILVER,330
625,Spain,Female,57,7,0.0,1,0,0,84106.17,1,1,1,SILVER,674
629,Spain,Male,39,5,0.0,2,0,0,116748.14,0,0,5,GOLD,839
624,Spain,Male,35,2,0.0,2,1,0,87310.59,0,0,2,PLATINUM,565
727,Spain,Male,28,1,0.0,1,1,0,40357.39,0,0,4,DIAMOND,979
690,France,Male,29,5,0.0,2,1,0,108577.97,0,0,3,PLATINUM,242
676,France,Female,43,2,0.0,1,1,1,55119.53,0,0,1,PLATINUM,679
700,Spain,Female,43,0,0.0,2,1,0,59475.35,0,0,4,SILVER,997
695,Spain,Female,39,5,0.0,2,0,0,102763.69,0,0,3,DIAMOND,320
646,Germany,Male,46,1,170826.55,2,1,0,45041.32,0,0,2,PLATINUM,689
546,France,Female,30,5,0.0,2,0,1,198543.09,0,0,4,DIAMOND,808
510,France,Female,45,10,103821.47,2,0,1,77878.62,0,0,3,SILVER,413
739,France,Male,58,2,101579.28,1,1,1,72168.53,0,0,5,SILVER,277
522,France,Female,34,3,0.0,2,1,1,3894.34,0,0,1,PLATINUM,732
641,France,Female,35,4,0.0,2,0,0,125986.18,0,0,4,PLATINUM,757
771,Spain,Female,56,2,0.0,1,1,1,25222.6,1,1,4,GOLD,503
676,France,Male,35,5,106836.67,2,1,0,84199.78,0,0,3,DIAMOND,871
619,France,Male,58,5,152199.33,1,1,1,86022.09,0,0,3,SILVER,520
709,France,Male,37,7,0.0,1,1,0,159486.76,0,0,5,SILVER,981
738,Spain,Male,35,8,127290.61,1,1,0,16081.62,0,0,2,SILVER,620
689,Germany,Female,30,5,136650.89,1,1,1,41865.72,1,1,1,PLATINUM,432
725,France,Female,25,9,0.0,2,1,1,168607.74,0,0,2,SILVER,922
426,France,Male,34,9,0.0,2,1,0,107876.91,0,0,2,PLATINUM,767
606,Germany,Male,40,1,144757.97,2,1,1,166656.18,0,0,3,SILVER,743
688,Spain,Male,32,6,124179.3,1,1,1,138759.15,0,0,1,GOLD,539
606,France,Male,40,5,0.0,2,1,1,70899.27,0,0,2,DIAMOND,664
468,Spain,Male,28,3,0.0,2,1,0,170661.02,0,0,2,GOLD,306
629,Spain,Male,41,10,150148.51,1,0,0,6936.27,0,0,2,DIAMOND,799
676,France,Male,38,1,0.0,2,0,1,35644.79,0,0,4,GOLD,498
711,France,Male,38,3,0.0,2,1,0,68487.51,0,0,4,DIAMOND,886
796,Spain,Male,67,5,0.0,2,0,1,54871.02,0,0,3,GOLD,726
836,Spain,Male,57,4,101247.06,1,1,0,37141.62,1,1,4,GOLD,611
504,Germany,Male,56,9,104217.3,1,0,0,55857.48,1,1,4,GOLD,359
781,Spain,Male,33,3,0.0,2,1,1,42556.33,0,0,2,GOLD,989
690,Spain,Male,49,8,116622.73,1,0,1,51011.29,0,0,3,DIAMOND,789
685,Spain,Male,39,9,0.0,2,1,1,18826.06,0,0,3,GOLD,632
733,France,Female,44,6,168165.84,1,0,1,197193.49,0,0,2,SILVER,225
754,France,Male,37,6,0.0,1,1,1,116141.72,0,0,5,SILVER,495
701,France,Male,30,3,156660.72,2,1,0,45742.42,0,0,3,GOLD,257
584,Germany,Female,31,6,152622.34,1,1,0,99298.8,0,0,5,DIAMOND,445
591,Spain,Male,31,8,0.0,1,1,1,141677.33,0,0,1,GOLD,997
698,France,Male,37,5,98400.61,2,0,0,25017.28,0,0,1,PLATINUM,403
602,France,Female,29,3,88814.4,2,1,1,62487.97,0,0,3,SILVER,241
715,France,Male,40,7,0.0,1,1,1,141359.11,0,0,5,GOLD,776
796,Germany,Male,39,5,86350.87,2,0,0,105080.53,0,0,1,GOLD,570
556,France,Male,34,8,163757.06,1,1,1,104000.06,0,0,3,PLATINUM,719
746,Spain,Male,49,7,0.0,2,0,1,10096.25,0,0,3,DIAMOND,479
553,France,Male,33,4,118082.89,1,0,0,94440.45,0,0,4,SILVER,221
700,Spain,Male,44,9,0.0,2,1,0,142287.65,0,0,4,DIAMOND,533
600,Spain,Female,50,6,94684.27,1,1,1,50488.91,0,0,3,DIAMOND,981
611,France,Male,30,9,0.0,2,1,1,148887.69,0,0,4,GOLD,973
673,Germany,Female,41,9,98612.1,1,1,0,151349.35,0,0,2,SILVER,868
577,Spain,Male,29,2,0.0,1,1,1,168924.41,0,0,2,GOLD,665
785,France,Male,28,8,0.0,2,1,0,77231.27,0,0,2,SILVER,937
451,France,Male,33,6,0.0,2,1,0,184954.11,0,0,3,GOLD,268
522,Germany,Female,25,5,94049.92,2,1,0,103269.0,0,0,3,SILVER,913
586,Spain,Male,42,6,0.0,2,1,1,123410.23,0,0,4,DIAMOND,378
477,Germany,Female,58,8,145984.92,1,1,1,24564.7,0,0,5,DIAMOND,464
753,France,Male,48,4,0.0,2,0,1,146821.42,0,0,2,DIAMOND,933
607,France,Male,45,7,123859.6,1,0,1,113051.57,0,0,1,DIAMOND,859
698,France,Male,36,6,0.0,2,0,1,19231.98,0,0,5,PLATINUM,698
600,France,Female,39,5,0.0,2,0,0,118272.07,0,0,4,GOLD,225
529,France,Male,61,1,0.0,2,1,1,191370.97,0,0,5,SILVER,589
545,Germany,Female,37,8,114754.08,1,1,0,136050.44,1,1,5,GOLD,958
727,Germany,Male,34,2,146407.11,1,1,1,72073.72,0,0,2,GOLD,647
658,France,Female,35,5,126397.66,1,0,0,156361.58,1,1,3,GOLD,501
566,Germany,Male,65,4,120100.41,1,1,0,107563.16,1,1,2,PLATINUM,842
358,Spain,Female,52,8,143542.36,3,1,0,141959.11,1,1,4,SILVER,976
688,France,Male,26,0,0.0,2,1,0,105784.85,0,0,4,PLATINUM,827
614,France,Female,38,4,72594.0,1,1,1,76042.48,0,0,2,SILVER,689
609,France,Male,26,10,126392.18,1,0,1,43651.49,0,0,1,GOLD,494
547,France,Female,35,4,0.0,1,1,1,133287.73,0,0,1,GOLD,305
835,Germany,Male,20,4,124365.42,1,0,0,180197.74,1,1,3,GOLD,812
516,Spain,Female,45,8,109044.3,1,0,1,115818.16,0,0,5,GOLD,229
576,Germany,Male,44,9,119530.52,1,1,0,119056.68,1,1,4,SILVER,802
702,France,Male,40,7,145536.9,1,0,1,135334.24,0,0,3,DIAMOND,715
499,France,Male,35,10,0.0,2,1,0,10722.54,0,0,1,GOLD,234
630,Germany,Female,34,9,106937.05,2,1,0,138275.01,0,0,3,SILVER,624
350,France,Female,60,3,0.0,1,0,0,113796.15,1,1,1,SILVER,958
452,Spain,Male,44,3,88915.85,1,1,0,69697.74,0,0,3,GOLD,474
591,France,Female,39,4,150500.64,1,1,0,14928.8,0,0,1,DIAMOND,733
680,France,Female,30,8,141441.75,1,1,1,16278.97,0,0,1,SILVER,597
580,Germany,Male,35,10,136281.41,2,1,1,24799.47,0,0,3,GOLD,722
561,France,Male,32,5,0.0,2,1,0,84871.99,0,0,4,SILVER,332
802,Spain,Male,41,6,0.0,2,1,0,47322.05,0,0,2,DIAMOND,340
729,Spain,Female,45,7,91091.06,2,1,0,71133.12,0,0,1,PLATINUM,632
669,France,Male,29,7,0.0,2,1,1,138145.62,0,0,2,GOLD,913
594,Germany,Female,21,2,87096.82,2,1,0,168186.11,0,0,1,SILVER,923
709,Germany,Male,45,4,122917.71,1,1,1,11.58,1,1,5,GOLD,254
671,France,Female,34,5,164757.56,1,1,0,110748.88,0,0,2,GOLD,965
768,France,Male,25,0,78396.08,1,1,1,8316.19,0,0,5,DIAMOND,495
551,France,Male,42,1,50194.59,1,1,1,23399.58,0,0,1,PLATINUM,621
740,France,Female,51,4,0.0,2,1,1,178929.84,0,0,4,SILVER,850
850,France,Female,41,5,0.0,2,1,1,34827.43,0,0,2,GOLD,914
711,France,Female,28,8,0.0,2,0,0,105159.89,0,0,2,GOLD,459
557,France,Male,39,8,146200.01,1,1,0,177944.64,0,0,2,GOLD,779
666,Germany,Male,30,3,110153.27,1,0,1,74849.46,0,0,2,GOLD,990
531,France,Male,31,3,0.0,1,1,1,42589.33,0,0,1,DIAMOND,241
661,Germany,Male,35,8,124098.54,1,1,0,86678.48,0,0,2,SILVER,393
657,Spain,Male,34,5,154983.98,1,1,0,27738.01,0,0,2,PLATINUM,762
498,Germany,Male,25,8,121702.73,1,1,1,132210.49,0,0,4,DIAMOND,793
743,Germany,Male,59,5,108585.35,1,1,1,192127.22,1,1,5,SILVER,431
682,France,Male,42,0,0.0,1,1,1,160828.98,0,0,5,SILVER,262
666,Germany,Female,50,7,109062.28,1,1,1,140136.1,1,1,5,GOLD,542
627,Germany,Female,39,5,124586.93,1,1,0,93132.61,1,1,2,DIAMOND,265
557,Spain,Female,40,4,0.0,2,0,1,105433.53,0,0,2,SILVER,281
636,Germany,Male,49,6,113599.74,2,1,0,158887.09,1,1,2,PLATINUM,752
559,France,Male,49,2,147069.78,1,1,0,120540.83,1,1,1,DIAMOND,245
776,Germany,Female,32,4,109421.13,2,1,1,126517.46,0,0,1,SILVER,296
615,France,Female,30,9,0.0,1,1,0,87347.82,0,0,3,SILVER,437
582,France,Female,43,5,153313.67,1,0,0,170563.73,0,0,4,PLATINUM,794
724,Spain,Female,41,4,142880.28,3,0,0,185541.2,1,1,5,SILVER,905
715,France,Female,32,10,0.0,2,1,0,60907.49,0,0,3,DIAMOND,852
732,France,Female,35,3,0.0,2,1,0,90876.95,0,0,3,SILVER,518
763,France,Female,35,7,115651.6,2,1,1,104706.29,0,0,4,DIAMOND,231
756,France,Male,27,8,0.0,2,1,1,157932.75,0,0,3,DIAMOND,281
770,France,Female,70,9,110738.89,1,1,0,22666.77,1,1,3,PLATINUM,467
767,Spain,Male,47,2,0.0,1,1,0,48161.18,1,1,3,GOLD,580
474,France,Male,45,10,0.0,2,0,0,172175.9,0,0,4,PLATINUM,792
608,France,Male,33,9,89968.69,1,1,0,68777.26,0,0,3,GOLD,614
590,France,Male,47,3,0.0,2,1,0,171774.5,0,0,1,DIAMOND,398
592,Germany,Male,36,10,123187.51,1,0,1,146111.35,0,0,3,PLATINUM,416
536,France,Male,32,7,178011.5,2,1,0,22375.14,0,0,4,GOLD,454
535,France,Male,45,2,0.0,2,1,0,125658.28,0,0,5,DIAMOND,430
607,Germany,Female,24,2,109483.54,2,0,1,127560.77,0,0,3,GOLD,260
663,France,Female,42,5,124626.07,1,1,1,78004.5,0,0,2,SILVER,676
541,France,Female,32,4,0.0,1,1,1,114951.42,0,0,4,SILVER,459
638,Spain,Female,55,2,155828.22,1,0,1,108987.25,1,1,2,SILVER,381
737,France,Female,33,4,0.0,2,1,0,115115.32,0,0,2,SILVER,270
719,France,Male,61,5,0.0,2,0,1,29132.43,0,0,4,DIAMOND,293
654,France,Female,24,8,145081.73,1,1,1,130075.07,0,0,3,PLATINUM,814
478,France,Female,32,6,71187.24,1,1,1,110593.62,0,0,3,GOLD,248
584,Germany,Male,32,8,40172.91,1,1,1,137439.34,0,0,5,SILVER,995
506,France,Female,32,3,0.0,1,1,1,80823.02,0,0,3,PLATINUM,619
680,France,Male,36,3,116275.12,1,1,1,63795.8,0,0,4,GOLD,883
631,France,Female,34,4,124379.14,1,1,0,106892.91,0,0,1,SILVER,461
584,Germany,Female,62,9,137727.34,2,0,1,121102.9,0,0,5,DIAMOND,581
592,Germany,Male,36,2,104702.65,2,1,0,107948.72,0,0,3,PLATINUM,757
650,Germany,Female,25,2,114330.95,1,1,1,25325.07,0,0,1,DIAMOND,876
450,Spain,Male,25,9,74237.2,2,0,1,195463.35,0,0,3,SILVER,547
662,Spain,Male,37,5,94901.09,1,1,1,48233.75,0,0,1,DIAMOND,579
850,Germany,Male,40,4,166082.15,2,0,1,44406.17,0,0,1,SILVER,563
564,Germany,Male,40,7,108407.34,1,1,1,83681.2,0,0,1,SILVER,370
623,Germany,Female,48,1,108076.33,1,1,0,118855.26,1,1,3,PLATINUM,223
573,Spain,Male,50,0,159304.07,1,0,1,155915.24,1,1,4,SILVER,466
750,Germany,Male,40,5,168286.81,3,1,0,20451.99,1,1,4,GOLD,523
774,France,Male,26,2,93844.69,1,1,0,28415.36,0,0,1,DIAMOND,282
718,France,Male,33,7,102874.28,1,0,0,117841.06,0,0,5,SILVER,504
467,Germany,Male,28,10,126315.26,1,1,0,32349.29,1,1,4,PLATINUM,469
792,Germany,Male,36,5,115725.24,2,0,0,1871.25,0,0,5,DIAMOND,515
579,France,Female,33,1,118392.75,1,1,1,157564.75,0,0,1,DIAMOND,793
637,France,Male,33,0,132255.99,2,0,1,74588.41,0,0,1,GOLD,284
686,Germany,Male,39,3,129626.19,2,1,1,103220.56,0,0,5,PLATINUM,813
515,France,Female,28,9,0.0,2,0,0,94141.75,0,0,3,PLATINUM,772
773,Spain,Male,51,4,0.0,2,0,0,123587.83,1,1,4,SILVER,562
579,Spain,Male,37,4,0.0,2,1,1,32246.63,0,0,3,SILVER,464
642,France,Male,25,7,0.0,2,1,0,102083.78,0,0,3,SILVER,905
705,France,Female,48,0,0.0,2,0,0,149772.61,0,0,1,SILVER,587
711,France,Male,52,5,0.0,1,1,1,159808.95,0,0,2,SILVER,258
552,Spain,Female,34,4,0.0,2,1,0,140286.69,0,0,4,GOLD,878
550,Germany,Male,29,9,145294.08,2,1,0,147484.13,0,0,3,SILVER,872
717,Spain,Male,33,1,99106.73,1,0,0,194467.23,0,0,2,GOLD,294
556,Spain,Male,38,2,115463.16,1,1,0,150679.65,0,0,3,SILVER,350
667,Spain,Male,39,7,167557.12,1,1,1,41183.02,0,0,1,DIAMOND,385
639,France,Male,43,6,99610.92,2,1,0,187296.78,0,0,5,DIAMOND,475
460,Germany,Female,35,8,102742.91,2,1,1,189339.6,0,0,5,DIAMOND,366
764,France,Female,40,9,100480.53,1,1,0,124095.69,0,0,3,SILVER,261
569,France,Male,35,10,124525.52,1,1,1,193793.78,0,0,5,PLATINUM,693
744,France,Female,38,9,0.0,2,0,0,20940.76,0,0,5,PLATINUM,629
622,France,Male,32,5,179305.09,1,1,1,149043.78,0,0,4,GOLD,383
751,France,Male,31,8,0.0,2,0,0,17550.49,0,0,3,SILVER,341
617,France,Female,35,2,104508.1,1,1,1,147636.46,0,0,5,PLATINUM,757
572,France,Female,36,8,68348.18,2,0,1,50400.32,0,0,1,SILVER,984
829,Spain,Female,26,8,101440.36,2,1,1,19324.5,0,0,5,DIAMOND,596
573,France,Male,26,8,86270.93,2,1,1,90177.3,0,0,5,GOLD,430
617,Germany,Male,44,9,49157.09,2,1,0,53294.17,0,0,3,DIAMOND,635
627,France,Female,32,1,0.0,1,1,0,106851.7,0,0,5,GOLD,293
635,France,Female,40,10,123497.58,1,1,0,131953.23,1,1,5,GOLD,774
588,France,Male,40,5,0.0,2,0,0,100727.68,0,0,1,GOLD,394
850,Germany,Male,36,5,119984.07,1,1,0,191535.11,1,1,1,GOLD,328
641,France,Male,41,6,0.0,2,1,0,65396.79,0,0,5,SILVER,226
744,France,Male,42,1,112419.92,1,1,1,83022.92,0,0,3,SILVER,367
646,Spain,Male,69,10,115462.44,1,1,0,40421.87,0,0,2,GOLD,701
445,France,Male,64,2,136770.67,1,0,1,43678.06,0,0,3,DIAMOND,650
478,France,Female,50,2,0.0,1,0,1,93332.64,1,1,4,GOLD,339
545,France,Female,26,1,0.0,2,1,1,199638.56,0,0,5,PLATINUM,902
579,Germany,Female,64,6,145215.43,1,1,1,164083.72,0,0,5,SILVER,792
695,Germany,Male,40,7,139022.24,1,0,1,193383.13,0,0,2,DIAMOND,227
771,Spain,Female,33,5,0.0,2,1,0,8673.43,0,0,5,SILVER,288
734,France,Male,22,5,130056.23,1,0,0,121894.31,1,1,4,SILVER,830
563,Spain,Female,36,4,143680.47,2,1,1,63531.19,0,0,1,GOLD,735
577,Spain,Male,51,2,108867.0,1,0,0,140800.66,1,1,4,SILVER,456
638,Spain,Male,41,7,0.0,2,1,0,43889.41,0,0,5,DIAMOND,847
679,Germany,Male,52,9,135870.01,2,0,0,54038.62,0,0,2,GOLD,510
535,France,Female,31,7,111855.04,2,1,1,36278.89,0,0,1,DIAMOND,467
709,France,Female,36,8,0.0,2,1,1,69676.55,0,0,3,PLATINUM,829
588,Spain,Male,32,3,109109.33,1,0,1,4993.94,0,0,3,GOLD,447
617,France,Female,26,2,165947.99,2,0,1,168834.38,0,0,5,GOLD,319
593,Germany,Female,41,4,119703.1,2,1,1,109783.29,0,0,3,GOLD,814
671,Germany,Female,34,6,37266.67,2,0,0,156917.12,0,0,3,SILVER,565
686,France,Male,35,4,0.0,1,1,0,8816.37,0,0,2,GOLD,656
679,France,Male,41,8,147726.98,3,1,0,172749.4,1,1,1,DIAMOND,575
592,France,Male,39,7,0.0,2,1,0,83084.33,0,0,5,SILVER,563
669,France,Male,46,3,0.0,2,0,1,8487.75,0,0,2,SILVER,665
671,Germany,Male,28,8,119859.52,2,1,0,125422.66,0,0,4,DIAMOND,555
550,Germany,Female,45,8,111257.59,1,0,0,97623.42,1,1,1,SILVER,448
601,Spain,Male,24,7,0.0,2,0,0,144660.42,0,0,4,SILVER,295
777,France,Female,30,4,137851.31,1,1,0,5008.23,1,1,5,DIAMOND,349
745,France,Female,36,9,0.0,1,1,0,19605.18,1,1,1,SILVER,961
479,Spain,Male,35,4,125920.98,1,1,1,20393.44,0,0,5,SILVER,555
655,France,Female,38,6,0.0,1,1,1,188639.28,0,0,3,SILVER,333
529,France,Female,31,5,0.0,2,1,0,26817.23,0,0,3,DIAMOND,383
555,Germany,Female,51,9,138214.5,1,1,0,198715.27,1,1,2,SILVER,266
639,France,Male,66,0,0.0,2,0,1,42240.54,0,0,3,SILVER,877
686,Spain,Male,39,10,136258.06,1,0,0,89199.51,0,0,2,PLATINUM,232
792,Germany,Female,50,4,146710.76,1,1,0,16528.4,1,1,4,GOLD,895
529,France,Male,30,2,116295.29,1,1,0,75285.47,0,0,4,PLATINUM,997
643,Germany,Male,59,3,170331.37,1,1,1,32171.79,0,0,5,PLATINUM,838
512,Spain,Male,39,3,0.0,1,1,0,134878.19,0,0,3,SILVER,397
454,France,Male,34,4,0.0,2,1,0,198817.72,0,0,2,PLATINUM,731
576,Spain,Male,33,3,0.0,2,0,1,190112.05,0,0,5,PLATINUM,334
641,Spain,Female,40,4,101090.27,1,1,1,51703.09,0,0,5,GOLD,447
749,Spain,Female,46,9,66582.81,1,1,0,78753.12,1,1,1,PLATINUM,968
850,Germany,Female,45,1,121874.89,1,0,0,6865.41,1,1,3,DIAMOND,469
587,Spain,Male,42,5,120233.83,1,1,0,194890.33,0,0,4,PLATINUM,736
641,France,Male,37,6,0.0,2,1,0,45309.24,0,0,5,DIAMOND,940
598,Spain,Female,23,6,0.0,2,1,0,153229.19,0,0,2,GOLD,737
632,France,Male,50,2,0.0,2,0,0,57942.88,0,0,1,PLATINUM,419
650,Germany,Female,48,7,138232.24,1,1,0,57594.78,0,0,4,DIAMOND,783
814,France,Male,48,9,136596.85,1,1,1,185791.9,0,0,3,GOLD,935
637,France,Male,27,1,0.0,2,1,0,91291.2,0,0,4,GOLD,304
468,France,Male,22,2,0.0,2,1,0,28123.99,0,0,5,PLATINUM,241
612,France,Male,41,5,0.0,3,0,0,151256.22,0,0,4,DIAMOND,327
730,France,Female,35,0,155470.55,1,1,1,53718.28,0,0,4,GOLD,500
644,France,Female,40,10,139180.97,1,1,1,19959.67,0,0,3,PLATINUM,898
577,Spain,Female,33,6,0.0,2,1,0,57975.8,0,0,2,PLATINUM,893
636,France,Female,39,3,118336.14,1,1,0,184691.77,0,0,3,GOLD,349
787,Spain,Female,39,7,171646.76,1,0,1,100791.36,0,0,4,GOLD,318
665,France,Male,25,7,90920.75,1,0,1,112256.57,0,0,2,GOLD,611
744,Germany,Female,50,1,121498.11,2,0,1,106061.47,1,1,2,GOLD,271
737,Germany,Female,45,2,99169.67,2,1,1,78650.95,0,0,5,GOLD,875
713,France,Female,37,8,0.0,1,1,1,16403.41,0,0,2,GOLD,444
626,France,Male,38,7,141074.59,1,1,0,52795.56,1,1,2,DIAMOND,323
457,France,Male,40,10,134320.23,2,1,0,150757.35,0,0,5,DIAMOND,237
850,Germany,Male,41,8,60880.68,1,1,0,31825.84,0,0,4,SILVER,448
525,Spain,Female,30,5,0.0,2,0,1,149195.44,0,0,4,SILVER,802
666,France,Female,36,8,0.0,1,0,1,158666.99,0,0,3,GOLD,507
815,France,Male,45,7,0.0,1,0,1,52885.23,1,1,5,SILVER,666
585,France,Male,56,4,138227.19,2,1,1,55287.84,0,0,4,GOLD,708
850,Spain,Male,41,8,132838.07,1,1,1,175347.28,0,0,4,DIAMOND,751
662,Germany,Male,59,2,104568.41,1,1,0,8059.44,1,1,5,DIAMOND,546
482,France,Female,35,2,133111.73,1,0,1,79957.95,0,0,3,PLATINUM,956
718,France,Male,37,8,0.0,2,1,1,142.81,0,0,5,GOLD,720
570,France,Female,29,4,153040.03,1,1,1,131363.57,1,1,3,SILVER,762
661,Spain,Female,28,7,95357.49,1,0,0,102297.15,0,0,5,GOLD,508
670,Germany,Female,40,2,147171.2,1,0,1,69850.04,0,0,2,GOLD,748
627,Spain,Female,28,3,157597.61,1,0,1,34097.22,0,0,3,PLATINUM,768
440,France,Male,42,2,0.0,2,1,0,49826.68,0,0,4,PLATINUM,260
747,France,Female,45,1,114959.12,1,1,0,189362.39,1,1,1,DIAMOND,727
742,Germany,Female,21,1,114292.48,1,1,0,31520.4,0,0,2,GOLD,254
818,Germany,Male,43,10,105301.5,1,1,1,78941.59,0,0,4,DIAMOND,412
481,France,Male,40,3,0.0,1,1,1,32319.93,0,0,2,GOLD,415
696,Germany,Male,38,6,142316.14,1,1,1,8018.49,0,0,1,GOLD,365
671,Germany,Female,48,9,116711.06,2,0,0,76373.38,0,0,1,SILVER,489
688,Spain,Male,42,5,0.0,2,0,0,197602.29,0,0,4,SILVER,378
807,France,Male,47,1,95120.59,1,0,0,127875.1,0,0,3,PLATINUM,468
546,Spain,Female,45,2,0.0,1,0,0,197789.83,1,1,4,DIAMOND,603
528,Germany,Male,32,2,99092.45,1,0,1,111149.98,0,0,5,PLATINUM,859
678,Spain,Male,38,3,124483.53,1,1,0,126253.31,0,0,1,SILVER,709
698,Spain,Female,47,6,0.0,1,1,0,50213.81,1,1,4,PLATINUM,625
622,France,Female,39,9,83456.79,2,0,0,38882.34,0,0,3,GOLD,342
581,Germany,Male,38,1,133105.47,1,1,0,105732.9,1,1,3,SILVER,438
597,France,Male,45,7,0.0,2,0,0,167756.45,0,0,2,PLATINUM,972
698,France,Male,29,5,95167.55,1,1,1,152723.23,0,0,1,DIAMOND,415
550,France,Male,22,6,154377.3,1,1,1,51721.52,0,0,2,GOLD,491
633,France,Female,30,6,0.0,2,0,0,41642.29,0,0,2,DIAMOND,565
663,Spain,Male,64,6,0.0,2,0,1,15876.52,0,0,5,DIAMOND,653
709,Spain,Female,37,8,0.0,3,1,0,71738.56,0,0,5,PLATINUM,277
651,France,Male,35,0,181821.96,2,0,1,36923.67,1,1,5,PLATINUM,539
759,France,Male,44,2,111095.58,2,1,0,100137.7,0,0,4,DIAMOND,784
635,Spain,Female,48,2,0.0,2,1,1,136551.25,0,0,4,GOLD,514
538,Germany,Male,39,7,108055.1,2,1,0,27231.26,0,0,5,SILVER,534
460,Germany,Male,46,4,127559.97,2,1,1,126952.5,0,0,5,SILVER,287
598,France,Male,28,8,129991.76,2,0,1,46041.08,0,0,3,SILVER,573
525,Spain,Female,25,10,0.0,2,1,0,69361.95,0,0,5,GOLD,428
652,France,Male,36,1,0.0,2,1,1,151314.98,0,0,1,PLATINUM,946
670,Spain,Female,20,4,0.0,2,1,0,119759.24,0,0,2,PLATINUM,920
662,Germany,Male,30,5,115286.68,2,1,1,149587.92,0,0,3,GOLD,264
696,France,Female,25,8,126442.59,1,1,0,121904.44,0,0,4,SILVER,267
850,France,Male,36,1,104077.19,2,0,1,68594.0,0,0,1,DIAMOND,388
783,Spain,Female,44,3,81811.71,1,1,0,164213.53,1,1,5,DIAMOND,611
656,France,Male,50,7,0.0,2,0,1,72143.44,0,0,1,GOLD,829
751,Spain,Female,34,8,127095.14,2,0,0,479.54,0,0,2,DIAMOND,995
792,France,Male,19,7,143390.51,1,1,0,33282.84,0,0,4,DIAMOND,391
489,Germany,Male,28,1,79460.98,2,1,1,167973.63,0,0,3,PLATINUM,232
676,France,Female,61,8,0.0,2,1,1,118522.73,0,0,5,DIAMOND,762
657,Spain,Female,41,6,112119.48,1,1,0,17536.82,0,0,1,PLATINUM,476
698,Spain,Male,45,5,164450.94,1,1,0,141970.02,1,1,3,SILVER,347
732,France,Male,25,0,110942.9,1,0,0,172576.56,0,0,3,SILVER,845
708,Spain,Female,35,8,122570.69,1,0,0,199005.88,0,0,2,SILVER,406
616,Spain,Male,30,2,0.0,2,1,0,199099.51,0,0,2,GOLD,788
712,France,Male,24,2,0.0,1,0,1,121232.51,0,0,5,GOLD,264
604,France,Male,33,3,0.0,1,1,0,42171.13,1,1,1,PLATINUM,756
687,France,Male,39,7,0.0,2,1,0,26848.25,0,0,1,PLATINUM,895
603,France,Female,39,9,76769.68,1,0,0,48224.72,0,0,4,DIAMOND,452
807,France,Male,33,10,101952.97,2,1,0,178153.65,0,0,2,GOLD,634
668,France,Male,46,0,0.0,2,0,0,29388.02,0,0,1,PLATINUM,419
710,Germany,Male,45,9,108231.37,1,1,1,188574.08,0,0,5,GOLD,965
598,Germany,Male,19,3,150348.37,1,1,1,173784.04,0,0,2,SILVER,460
781,France,Male,32,6,147107.91,1,1,1,40066.95,0,0,1,PLATINUM,740
685,Spain,Male,43,4,97392.18,2,1,0,43956.83,0,0,1,PLATINUM,689
745,Germany,Male,45,10,117231.63,3,1,1,122381.02,1,1,2,GOLD,291
679,Spain,Female,28,9,0.0,2,0,1,61761.77,0,0,3,GOLD,293
596,Spain,Male,41,5,0.0,2,0,1,141053.85,0,0,4,SILVER,906
584,France,Female,39,2,112687.69,1,1,1,127749.61,0,0,4,PLATINUM,857
427,Germany,Male,42,1,75681.52,1,1,1,57098.0,0,0,5,SILVER,418
593,France,Female,46,7,98752.51,1,1,0,145560.38,0,0,3,SILVER,442
507,Germany,Male,31,9,111589.67,1,1,0,150037.19,0,0,2,PLATINUM,473
479,France,Male,34,5,117593.48,2,0,0,113308.29,0,0,4,PLATINUM,513
546,France,Male,28,8,0.0,1,1,0,159254.29,0,0,2,GOLD,715
627,France,Male,27,1,62092.9,1,1,1,105887.04,0,0,4,DIAMOND,470
533,Germany,Female,22,10,115743.6,1,0,0,43852.05,0,0,3,GOLD,706
850,France,Male,32,4,0.0,1,1,1,180622.02,0,0,2,GOLD,818
547,France,Female,48,1,179380.74,2,0,1,69263.1,0,0,3,DIAMOND,672
612,France,Female,38,1,0.0,2,1,1,9209.21,0,0,2,SILVER,673
703,France,Male,56,9,0.0,1,0,0,85547.33,1,1,3,SILVER,623
633,France,Male,59,2,103996.74,1,1,1,103159.11,0,0,4,PLATINUM,678
649,France,Female,36,2,0.0,2,0,1,75035.48,0,0,3,SILVER,984
679,Spain,Female,26,3,76554.06,1,1,1,184800.27,0,0,5,GOLD,795
850,France,Female,46,2,157866.77,1,1,1,18986.12,0,0,3,GOLD,482
800,Spain,Male,38,9,0.0,1,1,0,78744.39,0,0,2,DIAMOND,350
575,Spain,Male,43,3,0.0,1,1,0,83594.51,0,0,5,DIAMOND,600
589,Germany,Male,48,5,126111.61,1,0,1,133961.19,0,0,2,GOLD,249
595,Spain,Male,37,2,157084.99,1,1,0,134767.13,0,0,5,GOLD,974
501,France,Male,37,4,0.0,2,0,0,12470.3,0,0,4,GOLD,453
493,France,Female,36,5,148667.81,2,1,0,56092.51,0,0,4,DIAMOND,921
445,Spain,Male,62,1,64119.38,1,1,1,76569.64,1,1,5,PLATINUM,561
659,France,Male,35,6,0.0,2,1,1,58879.11,0,0,1,GOLD,710
568,France,Male,51,4,0.0,3,1,1,66586.56,0,0,2,SILVER,573
686,Spain,Male,22,5,0.0,2,1,0,158974.45,0,0,2,SILVER,968
680,Spain,Female,34,7,0.0,2,1,0,98949.85,0,0,5,PLATINUM,912
838,Spain,Female,67,4,103267.8,1,1,1,78310.04,0,0,5,GOLD,241
756,France,Male,67,4,0.0,3,1,1,93081.87,0,0,1,GOLD,593
644,France,Male,33,7,174571.36,1,0,1,43943.09,0,0,1,DIAMOND,881
646,Spain,Female,42,3,99836.47,1,0,1,22909.56,0,0,3,GOLD,324
800,Germany,Male,39,4,95252.72,1,1,0,13906.34,0,0,1,GOLD,912
778,Germany,Male,41,7,139706.31,1,1,0,63337.19,0,0,1,GOLD,417
493,France,Male,36,9,0.0,2,1,1,65816.53,0,0,4,SILVER,293
663,France,Male,67,9,0.0,3,1,1,72318.77,0,0,3,PLATINUM,747
646,France,Male,36,6,124445.52,1,1,0,88481.32,0,0,2,SILVER,621
712,Spain,Male,52,9,0.0,1,1,1,117977.45,1,1,1,GOLD,294
688,Spain,Female,46,3,0.0,2,0,1,104902.68,0,0,2,PLATINUM,752
691,France,Female,40,0,115465.98,1,1,1,60622.61,0,0,4,PLATINUM,823
668,France,Female,37,7,128645.67,1,1,0,92149.64,0,0,3,PLATINUM,753
779,France,Male,71,3,0.0,2,1,1,146895.36,1,1,1,PLATINUM,858
645,France,Female,40,3,129596.77,1,1,1,103232.6,0,0,4,SILVER,897
850,Spain,Female,45,2,122311.21,1,1,1,19482.5,0,0,5,GOLD,739
850,Germany,Male,49,8,98649.55,1,1,0,119174.88,1,1,5,PLATINUM,568
611,France,Male,68,5,82547.11,2,1,1,146448.01,0,0,3,GOLD,631
515,Germany,Male,45,7,120961.5,3,1,1,39288.11,1,1,2,GOLD,692
560,Spain,Male,47,1,0.0,1,0,0,128882.66,1,1,1,SILVER,762
809,France,Female,38,2,154763.21,2,1,1,174800.31,0,0,5,DIAMOND,733
537,Germany,Male,84,8,92242.34,1,1,1,186235.98,0,0,3,SILVER,768
601,France,Female,34,5,0.0,2,1,0,27022.57,0,0,3,PLATINUM,498
731,Spain,Male,41,4,0.0,2,1,0,22299.27,0,0,1,GOLD,968
735,France,Male,41,7,179904.0,1,1,1,137180.95,0,0,1,SILVER,505
597,Germany,Female,22,6,101528.61,1,1,0,70529.0,1,1,2,SILVER,793
753,Germany,Female,46,9,113909.69,3,1,0,92320.37,1,1,3,PLATINUM,314
743,France,Male,39,6,0.0,2,1,0,44265.28,0,0,5,SILVER,240
657,Spain,Male,36,8,188241.05,2,0,0,183058.51,1,1,3,DIAMOND,382
832,France,Female,29,5,0.0,2,1,0,178779.52,0,0,5,PLATINUM,922
529,France,Male,67,8,103101.56,2,1,1,154002.02,1,1,5,PLATINUM,572
672,France,Female,53,7,0.0,1,1,1,136910.18,0,0,3,PLATINUM,311
766,Germany,Male,43,6,112088.04,2,1,1,36706.56,0,0,5,DIAMOND,306
581,Spain,Male,46,2,79385.21,2,0,0,188492.82,0,0,1,GOLD,639
607,Germany,Male,29,7,102609.0,1,1,0,163257.44,0,0,5,DIAMOND,800
487,Germany,Female,61,5,110368.03,1,0,0,11384.45,1,1,2,DIAMOND,982
496,France,Female,29,4,0.0,2,1,0,164806.89,0,0,3,DIAMOND,720
850,Spain,Female,24,1,0.0,2,0,1,69052.87,0,0,3,SILVER,888
607,Germany,Male,32,9,144272.07,2,1,0,176580.63,0,0,3,GOLD,797
526,Spain,Male,49,2,0.0,1,1,0,114539.67,1,1,2,DIAMOND,948
717,France,Female,36,2,99472.76,2,1,0,94274.72,1,1,4,DIAMOND,472
703,Spain,Male,73,5,137761.55,1,1,1,159677.46,0,0,5,GOLD,416
602,France,Male,23,7,113758.48,2,0,0,84077.6,0,0,4,DIAMOND,719
549,Germany,Male,54,5,92877.33,1,1,0,2619.64,1,1,1,DIAMOND,447
798,France,Male,32,7,0.0,2,0,1,37731.95,0,0,4,GOLD,856
587,Germany,Female,38,0,132122.42,2,0,0,31730.32,0,0,5,DIAMOND,916
539,France,Male,20,0,83459.86,1,1,1,146752.67,0,0,4,DIAMOND,814
550,France,Male,34,8,122359.5,1,0,0,116495.55,0,0,2,GOLD,702
591,France,Male,42,9,161651.37,2,1,1,131753.97,0,0,2,SILVER,646
740,France,Male,33,1,129574.98,1,1,1,123300.38,0,0,3,GOLD,506
687,Spain,Male,35,3,0.0,2,1,1,176450.19,0,0,2,SILVER,508
721,Spain,Male,51,0,169312.13,1,1,0,109078.35,1,1,2,PLATINUM,405
590,Spain,Female,44,3,139432.37,1,1,0,62222.81,0,0,4,PLATINUM,816
606,Germany,Male,39,8,136000.45,2,1,0,31708.53,0,0,4,SILVER,819
654,France,Male,38,8,0.0,2,1,0,88659.44,0,0,4,DIAMOND,605
656,France,Female,30,4,74323.2,1,1,1,22929.08,0,0,4,PLATINUM,650
747,Germany,Male,36,8,102603.3,2,1,1,180693.61,0,0,3,GOLD,751
555,France,Female,44,3,105770.7,3,1,0,60533.96,1,1,4,DIAMOND,902
734,France,Male,34,6,133598.4,1,1,1,13107.24,0,0,4,DIAMOND,693
765,Germany,Female,46,8,119492.88,2,0,1,166896.01,1,1,5,GOLD,453
546,Germany,Female,58,3,106458.31,4,1,0,128881.87,1,1,5,SILVER,369
516,France,Female,46,6,62212.29,1,0,1,171681.86,1,1,2,GOLD,937
683,France,Male,43,2,112499.42,2,1,0,30375.18,0,0,1,SILVER,469
760,Germany,Male,42,0,77992.97,2,1,1,97906.38,0,0,5,GOLD,969
676,Germany,Male,48,3,80697.44,1,0,0,101397.86,0,0,3,SILVER,856
836,Germany,Female,32,4,109196.67,2,1,0,55218.02,0,0,4,DIAMOND,246
636,France,Male,44,2,0.0,2,0,0,86414.41,0,0,1,SILVER,663
651,France,Male,23,10,0.0,2,1,1,170099.23,0,0,5,SILVER,431
730,Spain,Female,33,9,0.0,2,0,0,176576.62,0,0,1,SILVER,621
476,France,Male,40,6,0.0,1,1,1,22735.45,0,0,4,PLATINUM,507
711,France,Male,51,7,0.0,3,1,0,38409.79,1,1,2,SILVER,631
683,Spain,Male,40,8,0.0,1,1,0,75848.22,0,0,4,PLATINUM,221
665,Germany,Female,43,2,116322.27,4,1,0,35640.12,1,1,5,GOLD,392
850,France,Male,47,6,0.0,1,1,0,187391.02,1,1,3,DIAMOND,282
444,France,Male,34,2,144318.97,1,1,0,112668.06,0,0,4,SILVER,310
850,Spain,Female,31,3,121237.65,1,1,1,31022.56,0,0,3,PLATINUM,610
593,Germany,Female,62,3,118233.81,1,0,1,24765.53,1,1,3,DIAMOND,376
527,France,Female,32,7,0.0,2,1,1,44099.75,0,0,3,GOLD,718
793,Spain,Male,25,3,100913.57,1,0,0,10579.72,0,0,5,SILVER,793
715,France,Female,38,5,118590.41,1,1,1,5684.17,1,1,4,GOLD,788
584,Spain,Female,29,4,0.0,2,1,0,88866.92,0,0,3,DIAMOND,781
724,Germany,Female,48,6,110463.25,2,1,1,80552.11,1,1,1,PLATINUM,356
533,Spain,Male,38,1,135289.33,2,0,1,152956.33,0,0,1,GOLD,867
713,Germany,Male,40,3,114446.84,2,1,1,87308.18,0,0,4,DIAMOND,391
619,France,Female,42,2,0.0,1,1,1,101348.88,1,1,2,DIAMOND,464
673,France,Male,72,1,0.0,2,0,1,111981.19,0,0,3,SILVER,865
638,Spain,Male,44,9,77637.35,2,1,1,111346.22,0,0,4,SILVER,343
672,France,Male,43,5,0.0,1,0,0,63833.09,0,0,4,GOLD,333
502,France,Female,35,6,0.0,2,1,1,80618.47,0,0,5,PLATINUM,808
808,Germany,Female,37,2,100431.84,1,1,0,35140.49,1,1,2,DIAMOND,424
850,France,Female,37,3,212778.2,1,0,1,69372.88,0,0,2,SILVER,661
526,Spain,Male,35,5,0.0,2,1,1,105618.14,0,0,3,PLATINUM,557
504,Germany,Female,43,7,102365.49,1,1,0,194690.77,1,1,4,SILVER,940
770,France,Female,37,9,0.0,2,0,0,22710.72,0,0,2,GOLD,281
416,France,Male,32,0,0.0,2,0,1,878.87,0,0,5,GOLD,884
529,France,Male,46,8,0.0,1,0,0,126511.94,1,1,3,GOLD,508
645,Germany,Male,33,8,149564.61,1,0,0,149913.84,0,0,1,PLATINUM,256
747,Germany,Male,29,7,117726.33,1,1,1,175398.34,0,0,5,GOLD,942
585,France,Female,35,2,0.0,2,1,0,98621.04,1,1,2,DIAMOND,622
710,Spain,Female,29,3,119670.18,1,1,0,188022.44,0,0,4,DIAMOND,913
622,France,Male,35,8,0.0,2,1,1,131772.51,0,0,5,SILVER,574
649,Spain,Female,38,8,0.0,1,1,0,103760.53,0,0,2,SILVER,858
640,Spain,Female,46,8,0.0,2,1,0,89043.19,0,0,1,GOLD,429
592,France,Female,34,9,0.0,2,1,1,20460.2,0,0,4,DIAMOND,813
647,Germany,Female,35,3,166518.63,2,1,0,147930.46,0,0,4,PLATINUM,507
710,France,Male,30,6,0.0,2,1,1,8991.17,0,0,2,PLATINUM,834
731,France,Male,29,5,179539.2,1,0,0,112010.02,0,0,5,DIAMOND,826
611,Germany,Male,31,0,107884.81,2,1,1,183487.98,0,0,2,DIAMOND,388
589,Germany,Female,20,2,121093.29,2,1,0,3529.72,0,0,1,GOLD,683
520,Spain,Male,45,7,107023.03,1,1,0,32903.93,0,0,3,GOLD,469
680,France,Male,31,9,0.0,2,1,0,36145.53,0,0,1,DIAMOND,844
697,Spain,Male,30,1,0.0,2,0,0,735.79,0,0,5,SILVER,470
538,Germany,Female,42,4,80380.24,1,1,0,119216.46,0,0,1,DIAMOND,374
647,France,Female,35,6,112668.7,1,0,1,122584.29,0,0,3,PLATINUM,525
697,France,Male,27,8,141223.68,2,1,0,90591.15,0,0,1,PLATINUM,900
461,France,Female,35,5,0.0,1,1,1,54209.02,0,0,2,GOLD,710
681,France,Male,46,0,105969.42,1,1,0,5771.56,0,0,4,GOLD,386
602,France,Male,33,5,164704.38,1,0,1,180716.1,1,1,1,SILVER,342
697,France,Female,47,6,128252.66,1,1,1,168053.4,0,0,1,DIAMOND,281
772,France,Male,23,2,0.0,2,1,0,18364.19,0,0,3,GOLD,407
659,France,Female,56,9,123785.24,1,1,0,99504.03,1,1,4,GOLD,928
537,Spain,Female,33,7,136082.0,1,1,0,62746.54,0,0,3,SILVER,808
683,Spain,Female,36,7,0.0,2,1,0,104786.59,0,0,2,GOLD,381
554,France,Female,43,10,0.0,2,1,0,149629.13,1,1,4,GOLD,870
412,France,Male,29,5,0.0,2,0,0,12510.53,0,0,1,SILVER,327
748,France,Male,34,5,84009.47,1,1,1,137001.1,0,0,4,SILVER,440
647,Germany,Male,51,4,131156.76,1,1,0,29883.63,0,0,3,GOLD,531
716,France,Female,52,7,65971.61,2,1,0,14608.0,1,1,2,PLATINUM,450
677,Spain,Female,25,8,130866.19,1,1,0,42410.21,0,0,5,DIAMOND,236
821,France,Female,40,1,0.0,2,1,0,194273.12,0,0,5,SILVER,935
811,France,Male,42,10,0.0,2,1,1,3797.79,0,0,5,SILVER,750
629,Spain,Female,44,6,125512.98,2,0,0,79082.76,0,0,5,PLATINUM,690
630,Germany,Female,51,0,108449.23,3,0,0,88372.69,1,1,2,GOLD,295
706,Spain,Male,53,7,0.0,2,0,1,117939.17,0,0,2,DIAMOND,840
744,Spain,Female,46,1,0.0,3,1,1,177431.59,1,1,4,PLATINUM,846
609,Germany,Male,38,6,140752.06,2,0,1,171430.16,0,0,2,PLATINUM,765
636,Germany,Female,29,3,97325.15,1,0,1,131924.38,0,0,3,SILVER,945
748,Spain,Male,58,9,122330.7,2,0,1,124429.19,0,0,1,DIAMOND,641
545,Spain,Female,44,1,0.0,2,1,1,82614.89,0,0,3,DIAMOND,874
771,Spain,Male,51,5,135506.58,3,1,1,152479.64,1,1,5,SILVER,853
512,Germany,Female,32,2,123403.85,2,1,0,80120.19,0,0,2,PLATINUM,798
736,France,Male,43,4,202443.47,1,1,0,72375.03,0,0,4,GOLD,494
756,Spain,Male,30,2,145127.85,1,0,0,7554.68,0,0,2,SILVER,774
656,France,Male,41,2,0.0,2,1,0,158973.77,0,0,1,PLATINUM,902
486,Germany,Male,62,9,118356.89,2,1,0,168034.83,1,1,2,PLATINUM,299
580,France,Female,39,9,128362.59,1,1,0,86044.98,0,0,1,GOLD,456
415,France,Male,46,9,134950.19,3,0,0,178587.36,1,1,2,DIAMOND,621
537,Spain,Male,42,1,190569.23,1,0,1,127154.8,0,0,2,DIAMOND,341
591,France,Female,34,3,96127.27,1,0,0,30972.06,0,0,4,DIAMOND,427
690,France,Male,35,6,112689.95,1,1,0,176962.31,0,0,3,SILVER,828
659,France,Female,32,9,0.0,2,1,1,93155.75,0,0,1,PLATINUM,428
543,France,Female,32,7,147256.86,1,1,0,112771.95,0,0,3,DIAMOND,932
613,France,Male,36,9,131307.11,1,0,0,83343.73,0,0,4,PLATINUM,336
769,Germany,Female,31,7,148913.72,2,1,0,53817.23,0,0,5,SILVER,763
489,Germany,Male,38,2,126444.08,2,1,1,82662.73,0,0,4,SILVER,526
706,Spain,Male,29,2,0.0,2,1,1,18255.51,0,0,1,SILVER,868
558,Germany,Male,32,4,108235.91,1,1,1,143783.28,0,0,4,DIAMOND,801
550,Germany,Male,36,2,113877.23,2,1,0,174921.91,0,0,5,DIAMOND,980
523,Germany,Male,41,0,119276.31,1,0,0,122284.38,1,1,3,SILVER,844
522,Germany,Female,37,3,95022.57,1,1,1,129107.59,0,0,3,SILVER,534
497,France,Male,47,6,0.0,1,1,1,90055.08,0,0,5,SILVER,592
774,France,Male,53,4,113709.28,1,1,1,153887.93,1,1,3,PLATINUM,616
657,France,Female,28,7,0.0,2,0,1,5177.62,0,0,5,SILVER,352
637,Germany,Male,30,1,122185.53,1,1,0,102566.46,1,1,2,GOLD,782
613,France,Male,40,7,124339.9,1,0,0,193309.58,0,0,3,DIAMOND,611
732,Spain,Male,33,8,0.0,1,1,0,119882.7,0,0,2,DIAMOND,741
612,France,Female,33,9,0.0,1,0,0,142797.5,1,1,3,SILVER,758
780,Spain,Male,47,7,86006.21,1,1,1,37973.13,0,0,1,DIAMOND,348
616,France,Male,31,3,94263.91,2,1,0,168895.06,0,0,5,SILVER,499
684,France,Male,38,4,0.0,3,1,0,75609.84,0,0,2,DIAMOND,379
850,France,Male,34,6,0.0,1,0,1,52796.31,0,0,3,GOLD,831
841,Spain,Male,28,4,0.0,2,1,1,179436.6,0,0,5,GOLD,393
658,Spain,Male,21,7,0.0,2,0,1,154279.87,0,0,4,SILVER,653
612,Spain,Female,63,2,131629.17,2,1,0,122109.58,1,1,4,SILVER,642
421,France,Male,34,2,0.0,2,1,1,96615.23,0,0,1,GOLD,393
675,France,Male,54,2,0.0,1,1,0,149583.67,1,1,5,SILVER,752
641,France,Male,77,9,0.0,3,1,1,81514.06,0,0,4,PLATINUM,846
651,Spain,Male,23,4,115636.05,2,1,0,70400.86,0,0,5,PLATINUM,710
708,Germany,Male,37,8,153366.13,1,1,1,26912.34,0,0,2,DIAMOND,682
620,Germany,Female,25,1,137712.01,1,1,1,76197.05,0,0,5,GOLD,631
533,France,Male,36,7,85311.7,1,0,1,156731.91,0,0,5,SILVER,628
710,Germany,Male,34,9,134260.36,2,1,0,147074.67,0,0,5,GOLD,257
605,Spain,Female,57,2,0.0,3,1,0,66652.75,1,1,3,PLATINUM,502
590,France,Female,54,4,0.0,2,1,1,93820.49,1,1,4,PLATINUM,723
834,Spain,Male,38,8,0.0,2,1,1,66485.26,0,0,3,GOLD,539
687,Spain,Male,35,8,100988.39,2,1,0,22247.27,0,0,2,SILVER,594
651,Germany,Female,34,10,148962.46,1,1,0,66389.43,1,1,1,DIAMOND,907
539,Spain,Male,39,2,0.0,2,1,1,48189.94,0,0,4,GOLD,457
770,Spain,Male,55,9,63127.41,2,1,0,185211.28,1,1,4,SILVER,968
611,Germany,Female,43,9,127216.31,2,0,1,17913.25,0,0,3,DIAMOND,564
710,Germany,Male,43,2,140080.32,3,1,1,157908.19,1,1,3,GOLD,350
850,Germany,Female,36,0,136980.23,2,1,1,99019.65,0,0,5,SILVER,416
571,France,Female,33,1,0.0,2,1,0,102750.7,0,0,2,GOLD,722
704,Germany,Female,39,1,124640.51,1,1,0,116511.12,1,1,5,DIAMOND,565
699,France,Male,64,9,113109.52,1,1,0,27980.8,1,1,2,SILVER,787
843,France,Female,38,8,134887.53,1,1,1,10804.04,0,0,1,DIAMOND,923
539,France,Female,47,2,127286.04,2,1,1,166929.43,1,1,1,DIAMOND,551
418,France,Female,39,2,0.0,2,0,0,9041.71,0,0,2,DIAMOND,242
514,Spain,Male,66,9,0.0,2,1,1,14234.31,0,0,5,PLATINUM,383
497,Germany,Female,32,8,111537.23,4,1,1,9497.99,1,1,5,SILVER,822
680,Spain,Female,58,8,0.0,2,1,1,65708.5,0,0,5,GOLD,743
756,Germany,Female,26,5,155143.52,1,0,1,135034.57,1,1,1,DIAMOND,518
850,France,Female,43,3,0.0,2,0,0,2465.8,0,0,4,GOLD,452
481,France,Female,39,6,0.0,1,1,1,24677.54,0,0,3,GOLD,953
694,Germany,Female,37,8,98218.04,2,1,0,182354.46,1,1,3,GOLD,964
626,France,Male,44,10,0.0,2,0,0,164287.86,0,0,4,GOLD,627
774,Spain,Female,43,1,116360.07,1,1,0,17004.14,0,0,5,SILVER,239
549,France,Male,29,3,0.0,2,1,0,146090.38,0,0,4,DIAMOND,901
577,France,Male,29,7,0.0,2,1,1,55473.15,0,0,5,GOLD,488
769,Germany,Male,34,7,115101.5,1,0,0,57841.89,1,1,2,SILVER,804
521,Germany,Female,40,9,134504.78,1,1,0,18082.06,0,0,5,PLATINUM,257
682,France,Female,46,2,0.0,1,1,1,114442.66,0,0,3,DIAMOND,257
572,Germany,Female,35,1,139979.07,1,1,0,185662.84,0,0,4,SILVER,598
602,Spain,Male,29,5,103907.28,1,1,0,161229.84,0,0,2,SILVER,861
694,Germany,Male,33,4,124067.32,1,1,1,77906.87,0,0,5,DIAMOND,769
581,France,Male,31,3,0.0,2,0,0,89040.61,0,0,3,PLATINUM,557
683,Germany,Female,35,5,95698.79,1,0,1,182566.76,0,0,1,PLATINUM,986
636,France,Male,36,5,117559.05,2,1,1,111573.3,0,0,4,SILVER,302
744,Spain,Male,34,3,0.0,2,1,0,27244.35,0,0,2,PLATINUM,764
637,Germany,Female,39,9,137843.8,1,1,1,117622.8,1,1,1,SILVER,730
473,Germany,Male,40,8,152576.25,2,1,0,73073.68,0,0,4,DIAMOND,310
568,Spain,Female,26,6,0.0,2,0,0,166495.2,0,0,5,SILVER,634
613,Germany,Female,51,7,147262.11,1,1,1,53630.9,1,1,1,SILVER,669
702,France,Male,37,10,150525.8,1,1,1,94728.49,0,0,4,DIAMOND,541
686,Germany,Female,56,5,111642.08,1,1,1,80553.87,0,0,5,DIAMOND,799
517,Germany,Female,59,8,154110.99,2,1,0,101240.08,1,1,1,DIAMOND,872
625,France,Male,36,9,108546.16,3,1,0,133807.77,1,1,5,GOLD,330
526,Spain,Male,30,8,0.0,1,1,0,36251.0,0,0,3,DIAMOND,268
674,Spain,Male,32,2,0.0,2,1,0,140579.17,0,0,1,DIAMOND,787
644,France,Male,28,7,155060.41,1,1,0,29179.52,0,0,5,DIAMOND,715
486,Spain,Male,27,7,0.0,2,1,0,28823.04,0,0,4,SILVER,766
701,France,Male,39,2,0.0,2,1,1,82526.92,0,0,4,DIAMOND,812
642,France,Male,30,8,80964.57,2,1,0,174738.2,0,0,4,PLATINUM,270
661,France,Female,34,0,0.0,2,1,0,185555.63,0,0,5,SILVER,996
730,Germany,Female,37,5,124053.03,1,1,0,118591.67,0,0,4,DIAMOND,593
698,France,Female,51,6,144237.91,4,1,0,157143.61,1,1,4,GOLD,915
850,France,Male,38,1,0.0,2,1,1,80006.65,0,0,2,PLATINUM,480
554,Spain,Male,37,3,0.0,2,1,0,166177.3,0,0,1,GOLD,612
593,France,Male,35,9,114193.24,1,1,0,71154.1,0,0,5,DIAMOND,660
686,Germany,Male,33,9,141918.09,2,0,1,184036.47,0,0,4,GOLD,976
630,Spain,Female,39,7,135483.17,1,1,0,140881.2,1,1,1,SILVER,309
421,Spain,Male,34,6,90723.36,1,1,1,12162.76,0,0,5,GOLD,417
525,France,Male,51,10,0.0,3,1,0,171045.35,1,1,2,PLATINUM,242
654,Spain,Male,40,5,105683.63,1,1,0,173617.09,0,0,5,DIAMOND,250
514,France,Male,35,3,121030.9,1,1,0,10008.68,0,0,4,DIAMOND,264
351,Germany,Female,57,4,163146.46,1,1,0,169621.69,1,1,4,SILVER,453
565,France,Male,34,6,0.0,1,1,1,63173.64,0,0,5,GOLD,244
474,France,Male,54,3,0.0,1,1,0,108409.17,1,1,2,PLATINUM,427
718,France,Female,44,1,133866.22,1,0,1,139049.24,0,0,3,GOLD,445
564,Germany,Female,62,5,114931.35,3,0,1,18260.98,1,1,3,GOLD,771
693,Germany,Male,44,5,124601.58,2,1,1,46998.13,1,1,2,SILVER,408
634,Germany,Male,74,5,108891.7,1,1,0,10078.02,0,0,5,DIAMOND,246
731,Spain,Female,39,2,126816.18,1,1,1,74850.93,0,0,1,SILVER,403
775,Germany,Male,51,2,123783.25,1,1,1,134901.57,0,0,2,PLATINUM,489
657,France,Male,34,3,107136.6,1,1,0,153895.46,0,0,2,DIAMOND,798
560,France,Male,24,1,116084.32,1,1,0,89734.7,0,0,2,DIAMOND,591
630,France,Female,36,8,126598.99,2,1,1,134407.93,0,0,2,PLATINUM,970
518,Germany,Female,41,5,110624.99,1,1,0,89327.67,0,0,4,PLATINUM,911
762,France,Male,32,10,191775.65,1,1,0,179657.83,0,0,2,DIAMOND,914
744,France,Female,39,6,0.0,1,0,0,10662.58,0,0,4,DIAMOND,593
770,Germany,Male,45,4,110765.68,1,1,0,26163.74,1,1,1,GOLD,550
823,France,Male,38,1,0.0,2,1,0,156603.7,0,0,2,SILVER,825
769,France,Male,29,8,0.0,2,1,1,172290.61,0,0,2,DIAMOND,411
655,France,Female,34,3,0.0,2,1,0,159638.77,0,0,1,DIAMOND,508
604,France,Female,34,7,0.0,2,1,0,193021.49,0,0,2,SILVER,457
711,France,Female,34,6,0.0,2,1,1,175310.38,0,0,2,DIAMOND,408
840,Germany,Female,51,1,87779.83,1,0,1,36687.11,1,1,4,GOLD,995
469,France,Female,48,5,0.0,1,1,0,160529.71,1,1,1,PLATINUM,847
535,France,Female,29,2,112367.34,1,1,0,185630.76,0,0,2,PLATINUM,989
399,Germany,Male,46,2,127655.22,1,1,0,139994.68,1,1,5,PLATINUM,475
704,France,Male,50,4,165438.26,1,1,0,120770.75,1,1,4,GOLD,705
583,France,Female,40,4,55776.39,2,1,0,26920.43,0,0,3,GOLD,574
631,Germany,Female,32,2,146810.99,2,1,1,180990.29,0,0,1,GOLD,378
613,France,Female,24,7,140453.91,1,1,0,129001.3,0,0,2,DIAMOND,245
688,France,Male,40,6,0.0,1,1,1,47886.44,0,0,1,GOLD,618
554,Germany,Female,55,0,108477.27,1,0,1,140003.0,1,1,3,GOLD,641
655,France,Female,41,5,0.0,1,0,0,36548.0,1,1,2,DIAMOND,945
850,Germany,Male,32,9,141827.33,2,1,1,149458.73,0,0,2,PLATINUM,295
524,Germany,Female,31,8,107818.63,1,1,0,199725.39,1,1,1,SILVER,462
643,France,Female,45,4,45144.43,1,1,0,60917.24,1,1,5,DIAMOND,450
404,Germany,Female,54,4,125456.07,1,1,0,83715.66,1,1,3,PLATINUM,353
456,France,Female,63,1,165350.61,2,0,0,140758.07,1,1,1,SILVER,343
593,France,Male,45,4,138825.19,1,0,0,10828.78,0,0,5,PLATINUM,475
750,France,Male,33,2,152302.72,1,1,0,71333.44,0,0,3,PLATINUM,971
663,Spain,Female,53,6,150200.23,1,0,1,151317.27,1,1,3,GOLD,654
661,France,Male,47,5,0.0,1,0,1,107243.31,1,1,4,DIAMOND,308
516,Germany,Male,50,7,139675.07,2,1,0,45591.23,0,0,3,GOLD,794
747,France,Female,25,4,0.0,2,0,1,42039.67,0,0,1,GOLD,914
509,Germany,Female,29,0,107712.57,2,1,1,92898.17,0,0,2,SILVER,831
521,France,Female,41,2,0.0,2,1,1,113089.43,0,0,4,GOLD,243
604,Spain,Female,35,7,147285.52,1,1,1,57807.05,0,0,5,PLATINUM,1000
768,France,Male,29,2,95984.69,2,1,1,73686.75,0,0,5,DIAMOND,631
679,Germany,Male,35,1,110245.13,1,1,1,178291.09,0,0,5,GOLD,728
704,France,Male,44,3,0.0,2,0,1,152884.85,0,0,5,DIAMOND,323
504,Germany,Male,43,5,134740.19,2,1,0,181430.91,0,0,1,SILVER,640
623,Germany,Male,42,1,149332.48,2,1,0,100834.22,0,0,4,DIAMOND,320
745,France,Male,21,4,137910.45,1,1,1,177235.23,0,0,3,PLATINUM,923
672,Spain,Male,43,5,0.0,2,1,1,64515.5,0,0,5,GOLD,784
512,France,Female,31,7,0.0,2,0,0,49326.07,0,0,2,SILVER,538
667,France,Male,33,4,0.0,2,1,1,131834.75,0,0,5,DIAMOND,835
666,Germany,Female,36,3,129118.5,2,0,0,139435.12,0,0,1,DIAMOND,940
717,France,Male,36,2,148061.89,1,1,0,179128.69,1,1,5,PLATINUM,969
776,France,Male,37,2,0.0,1,0,1,8065.0,0,0,3,SILVER,846
704,France,Male,39,5,0.0,1,1,0,6416.92,0,0,1,GOLD,929
498,Germany,Male,35,2,121968.11,2,0,1,188343.05,0,0,1,GOLD,563
681,France,Male,47,9,97023.21,1,1,1,2168.13,0,0,5,SILVER,499
605,Germany,Female,43,8,125338.8,2,1,0,23970.13,0,0,2,SILVER,998
642,Germany,Female,56,6,103244.86,2,1,0,143049.72,1,1,4,PLATINUM,918
683,France,Male,47,1,0.0,2,1,0,148989.15,0,0,5,PLATINUM,745
811,France,Male,31,7,117799.28,1,1,1,182372.35,0,0,4,SILVER,885
784,Germany,Male,28,2,109960.06,2,1,1,170829.87,0,0,2,DIAMOND,797
677,Germany,Female,26,3,102395.79,1,1,0,119368.99,0,0,3,GOLD,754
535,France,Female,29,5,0.0,2,0,1,52709.55,0,0,2,SILVER,292
786,Spain,Male,29,7,80895.44,2,1,0,64945.57,0,0,1,DIAMOND,841
481,France,Male,37,8,152303.66,2,1,1,175082.2,0,0,1,PLATINUM,517
675,Spain,Male,35,8,0.0,2,1,0,29062.25,0,0,2,PLATINUM,329
814,France,Female,36,6,0.0,2,1,1,98657.01,0,0,5,SILVER,780
589,France,Male,38,2,0.0,1,1,0,79915.28,0,0,2,SILVER,985
832,Spain,Male,29,8,93833.86,1,0,1,10417.87,0,0,2,GOLD,294
520,Spain,Female,30,4,145222.99,2,0,0,145160.96,0,0,3,GOLD,779
610,Spain,Female,37,10,140363.95,2,1,1,129563.86,0,0,3,GOLD,929
530,Spain,Female,41,4,0.0,2,0,1,147606.71,0,0,2,DIAMOND,955
719,Spain,Male,44,4,0.0,1,0,0,84972.9,1,1,5,DIAMOND,582
620,France,Female,70,3,87926.24,2,1,0,33350.26,1,1,3,SILVER,909
703,France,Male,32,1,125685.79,1,1,1,56246.72,0,0,4,DIAMOND,960
589,Germany,Female,50,5,144895.05,2,1,1,34941.23,0,0,2,GOLD,831
723,France,Male,25,3,0.0,2,1,1,134509.47,0,0,2,DIAMOND,409
616,Germany,Male,41,10,113220.2,2,1,1,114072.91,0,0,3,SILVER,596
571,Spain,Female,22,3,108117.1,1,0,1,53328.7,0,0,2,PLATINUM,920
729,France,Male,32,6,93694.42,1,1,1,79919.13,0,0,2,GOLD,613
656,Spain,Male,69,6,163975.09,1,1,1,36108.5,0,0,3,SILVER,836
747,France,Male,41,5,0.0,2,1,1,22750.17,0,0,3,DIAMOND,339
608,Germany,Male,28,4,96679.71,1,1,1,49133.45,0,0,3,PLATINUM,988
724,Germany,Female,33,9,119278.44,1,1,1,197148.24,0,0,2,GOLD,306
849,France,Male,35,4,110837.73,1,0,0,126419.8,0,0,3,PLATINUM,599
624,Spain,Female,28,2,0.0,2,0,1,104353.26,0,0,4,GOLD,673
607,Germany,Male,36,8,143421.74,1,1,0,97879.02,0,0,1,SILVER,641
662,France,Male,44,8,0.0,2,1,1,175314.87,0,0,2,DIAMOND,241
652,France,Female,40,1,0.0,2,1,0,126554.96,0,0,1,PLATINUM,247
646,Germany,Male,39,6,121681.91,2,0,1,61793.47,0,0,1,GOLD,321
606,Spain,Female,53,1,109330.06,1,1,1,75860.01,0,0,5,DIAMOND,582
629,France,Male,35,1,172170.36,1,1,1,159777.37,0,0,2,GOLD,230
498,Germany,Female,41,4,87541.06,2,1,1,12577.21,1,1,3,GOLD,326
648,Spain,Male,32,8,0.0,1,1,0,133653.38,0,0,4,SILVER,687
729,Spain,Female,34,9,53299.96,2,1,1,42855.97,0,0,3,PLATINUM,929
644,Spain,Male,49,10,0.0,2,1,1,145089.64,0,0,4,SILVER,511
549,Germany,Male,41,9,95020.8,3,1,1,131710.59,1,1,5,DIAMOND,793
628,France,Male,33,6,0.0,2,0,0,184230.23,0,0,3,SILVER,529
663,Germany,Male,42,7,115930.87,1,1,0,19862.78,0,0,4,DIAMOND,809
710,France,Female,37,5,0.0,2,1,0,115403.31,0,0,1,SILVER,875
708,Germany,Female,42,8,192390.52,2,1,0,823.36,0,0,2,SILVER,307
745,France,Female,55,9,110123.59,1,0,1,51548.14,1,1,5,GOLD,765
452,France,Female,35,8,0.0,2,1,1,149614.81,0,0,1,PLATINUM,514
505,Germany,Male,40,6,47869.69,2,1,1,155061.97,0,0,1,DIAMOND,910
717,Germany,Female,35,5,103214.71,1,1,0,172172.7,0,0,4,GOLD,880
787,France,Female,85,10,0.0,2,1,1,116537.96,0,0,2,GOLD,542
728,France,Female,59,4,0.0,1,1,1,163365.85,1,1,5,GOLD,296
759,Spain,Female,35,7,147936.42,1,1,1,106785.7,0,0,4,SILVER,312
540,Germany,Male,37,3,129965.18,1,0,0,19374.08,0,0,5,SILVER,502
581,Spain,Female,46,1,0.0,2,1,0,104272.04,0,0,5,PLATINUM,790
754,France,Male,38,2,0.0,2,1,0,180698.32,0,0,3,GOLD,357
670,Germany,Male,31,1,142631.54,2,1,1,175894.24,0,0,1,SILVER,804
521,France,Male,38,5,110641.18,1,0,1,136507.69,1,1,4,SILVER,815
719,Germany,Female,76,10,95052.29,1,1,0,176244.87,0,0,4,DIAMOND,517
731,Spain,Male,33,1,0.0,1,1,0,130726.96,0,0,1,GOLD,462
587,Spain,Male,62,7,121286.27,1,0,1,6776.92,0,0,5,DIAMOND,500
779,Spain,Male,33,3,0.0,2,1,0,30804.68,0,0,4,DIAMOND,408
831,Germany,Male,44,3,111100.98,1,1,1,28144.07,1,1,4,GOLD,560
785,Spain,Female,31,2,121691.54,2,0,0,81778.72,0,0,4,PLATINUM,922
550,Germany,Male,35,9,129847.75,2,1,0,197325.4,0,0,2,SILVER,921
448,France,Female,36,6,83947.12,2,1,0,81999.53,0,0,4,SILVER,524
721,Spain,Male,38,7,0.0,1,0,1,53534.8,0,0,3,GOLD,932
623,Germany,Male,33,8,96759.42,1,1,1,174777.98,0,0,2,SILVER,357
678,France,Female,49,3,204510.94,1,0,1,738.88,1,1,2,SILVER,810
525,France,Male,36,2,114628.4,1,0,1,168290.06,0,0,1,SILVER,969
472,France,Male,31,4,58662.92,2,0,1,73322.0,0,0,1,GOLD,437
738,Germany,Male,58,2,133745.44,4,1,0,28373.86,1,1,4,GOLD,725
578,France,Female,40,7,0.0,2,0,0,102233.73,0,0,4,GOLD,924
710,Germany,Male,34,8,147833.3,2,0,1,1561.58,0,0,5,GOLD,916
696,France,Male,34,9,150856.79,1,0,1,8236.78,0,0,3,GOLD,572
670,Spain,Male,25,6,0.0,2,1,1,78358.94,0,0,3,DIAMOND,723
481,Spain,Male,39,1,111233.09,1,1,1,123995.15,0,0,3,PLATINUM,955
793,France,Male,56,8,119496.25,2,1,0,29880.99,0,0,2,SILVER,458
458,Spain,Female,35,5,166492.48,1,1,0,135287.74,0,0,3,SILVER,603
530,Spain,Female,36,7,0.0,2,1,0,80619.09,0,0,5,SILVER,761
538,Germany,Female,42,1,98548.62,2,0,1,94047.75,0,0,5,DIAMOND,929
683,Germany,Female,43,4,115888.04,1,1,1,117349.19,1,1,5,PLATINUM,443
605,France,Male,52,1,63349.75,1,1,0,108887.44,0,0,2,DIAMOND,437
492,France,Female,28,9,0.0,2,1,0,95957.09,0,0,4,GOLD,980
591,France,Male,24,6,147360.0,1,1,1,25310.82,0,0,3,SILVER,602
615,Germany,Male,24,8,108528.07,2,0,0,179488.41,1,1,2,DIAMOND,312
743,France,Male,42,7,77002.2,2,1,1,80428.42,0,0,2,PLATINUM,993
538,France,Female,38,8,88758.95,2,0,0,28226.15,1,1,1,DIAMOND,911
774,France,Female,42,3,137781.65,1,0,0,199316.19,0,0,1,SILVER,879
653,Spain,Female,27,6,107751.68,2,1,1,33389.42,0,0,3,GOLD,563
488,Germany,Female,28,7,139246.22,2,1,0,106799.49,0,0,2,PLATINUM,645
758,Germany,Female,61,8,125397.21,1,1,0,182184.09,1,1,1,DIAMOND,538
760,Spain,Male,28,1,141038.57,2,0,0,16287.38,0,0,4,DIAMOND,882
608,Germany,Male,34,3,106288.54,1,1,1,36639.25,0,0,3,SILVER,388
564,France,Female,53,2,45472.28,1,1,1,41055.71,1,1,5,PLATINUM,286
768,Germany,Male,37,9,108308.11,1,1,0,41788.25,1,1,1,GOLD,346
542,Spain,Male,32,2,131945.94,1,0,1,159737.56,0,0,3,SILVER,406
818,France,Female,31,1,186796.37,1,0,0,178252.63,0,0,4,PLATINUM,417
599,Spain,Female,37,2,0.0,2,1,1,143739.29,0,0,4,GOLD,516
430,France,Male,35,1,118894.22,1,0,0,2923.61,0,0,5,SILVER,873
558,France,Male,27,1,152283.39,1,1,0,183271.15,0,0,1,GOLD,783
616,France,Female,31,8,0.0,1,0,1,76456.17,0,0,5,SILVER,675
680,Spain,Female,31,9,119825.75,2,1,1,101139.3,0,0,5,DIAMOND,307
615,France,Male,34,1,83503.11,2,1,1,73124.53,1,1,3,DIAMOND,805
521,Spain,Female,22,10,0.0,1,1,1,101311.95,0,0,3,SILVER,882
615,France,Male,30,7,0.0,2,1,1,156346.84,0,0,4,DIAMOND,548
850,France,Female,26,4,62610.96,2,0,1,179365.1,0,0,3,DIAMOND,604
761,France,Female,26,1,0.0,2,1,1,199409.19,0,0,5,PLATINUM,497
702,Spain,Male,44,9,0.0,1,0,0,59207.41,1,1,4,DIAMOND,977
673,Germany,Female,69,3,78833.15,2,1,1,37196.15,0,0,1,SILVER,795
754,Germany,Male,27,7,117578.35,2,0,1,87908.01,0,0,2,DIAMOND,662
675,Spain,Female,40,8,79035.95,1,1,0,142783.98,1,1,5,GOLD,481
749,France,Female,60,6,0.0,1,1,0,17978.68,1,1,5,SILVER,718
615,Germany,Male,58,3,72309.3,1,1,1,85687.09,1,1,3,GOLD,648
739,France,Female,37,8,0.0,2,1,0,191557.1,1,1,2,GOLD,829
732,France,Male,79,10,61811.23,1,1,1,104222.8,0,0,1,SILVER,726
707,France,Female,58,3,102346.86,1,1,1,114672.64,0,0,5,PLATINUM,887
575,France,Female,54,9,68332.96,1,1,1,144390.75,0,0,5,DIAMOND,435
718,France,Female,37,7,0.0,2,1,1,55100.09,0,0,5,PLATINUM,239
628,France,Male,45,9,0.0,2,1,1,96862.56,0,0,1,GOLD,429
694,France,Male,32,0,91956.49,1,1,1,59961.81,0,0,4,SILVER,858
578,France,Male,38,7,82259.29,1,1,0,8996.97,0,0,1,DIAMOND,325
629,Spain,Male,36,1,161757.87,2,1,1,146371.72,0,0,2,DIAMOND,642
583,France,Male,39,1,129299.28,2,1,0,73107.6,0,0,1,DIAMOND,378
659,Spain,Male,32,3,107594.11,2,1,1,102416.84,0,0,3,DIAMOND,683
678,Spain,Male,28,5,138668.18,1,1,1,54144.01,0,0,1,PLATINUM,408
709,France,Male,32,4,147307.91,1,0,1,40861.55,0,0,4,PLATINUM,556
552,France,Male,29,10,0.0,2,1,0,12186.83,0,0,3,DIAMOND,333
650,Spain,Female,32,4,79450.09,1,1,1,118324.75,0,0,5,SILVER,315
599,France,Male,50,3,121159.65,1,0,0,4033.39,1,1,2,SILVER,435
666,France,Male,53,5,64646.7,1,1,0,128019.48,1,1,3,GOLD,580
775,Germany,Female,38,6,179886.41,2,0,0,153122.58,0,0,3,PLATINUM,724
646,France,Female,37,7,96558.66,1,0,0,163427.18,0,0,3,PLATINUM,493
676,France,Female,34,8,100359.54,1,0,0,46038.28,0,0,1,GOLD,444
509,France,Male,55,8,132387.91,2,1,1,170360.11,0,0,1,PLATINUM,913
511,France,Female,30,5,0.0,2,1,0,143994.86,0,0,4,SILVER,248
644,France,Male,40,8,93183.19,1,1,0,73882.49,0,0,3,GOLD,617
545,Spain,Male,36,8,73211.12,2,1,0,89587.34,1,1,3,PLATINUM,472
426,France,Female,34,3,0.0,2,1,1,61230.83,0,0,4,DIAMOND,353
632,Germany,Male,65,6,129472.33,1,1,1,85179.48,0,0,1,SILVER,289
470,France,Male,35,1,96473.59,1,0,0,5962.3,0,0,5,SILVER,752
715,France,Male,23,7,139224.92,2,1,0,65057.71,0,0,1,DIAMOND,385
557,Spain,Male,36,1,113110.26,1,1,0,98413.1,0,0,3,DIAMOND,512
802,Germany,Female,41,4,90757.64,2,0,1,169183.66,0,0,5,PLATINUM,458
507,France,Male,42,6,0.0,2,1,0,34777.23,0,0,1,DIAMOND,487
543,France,Male,30,4,140916.81,1,1,0,157711.18,0,0,1,PLATINUM,470
718,France,Female,41,1,0.0,2,0,1,27509.52,1,1,4,PLATINUM,982
583,Spain,Female,40,4,0.0,2,1,0,114093.73,0,0,2,DIAMOND,423
585,France,Female,43,2,0.0,2,1,0,89402.54,0,0,4,GOLD,705
554,France,Female,22,8,0.0,2,0,1,142670.61,0,0,4,SILVER,540
558,France,Male,35,1,0.0,2,0,0,111687.57,0,0,4,DIAMOND,875
562,Spain,Female,29,9,120307.58,1,1,1,6795.61,0,0,1,DIAMOND,500
547,France,Female,51,1,0.0,2,1,1,56908.41,0,0,2,SILVER,868
705,France,Female,35,3,0.0,2,0,1,66331.01,0,0,3,GOLD,547
649,France,Male,33,2,0.0,2,1,0,2010.98,0,0,3,DIAMOND,720
678,Germany,Male,49,2,116933.11,1,1,0,195053.58,1,1,5,SILVER,267
716,France,Male,39,1,70657.61,2,1,1,76476.05,0,0,3,GOLD,421
721,France,Female,37,1,0.0,2,1,0,70810.8,0,0,5,DIAMOND,420
723,Germany,Female,47,10,90450.0,2,0,0,103379.31,1,1,5,GOLD,244
526,Spain,Female,43,3,0.0,2,1,0,31705.19,0,0,5,PLATINUM,989
682,France,Male,50,6,121818.84,2,0,1,124151.37,0,0,1,SILVER,813
676,France,Male,31,3,78990.15,1,1,1,124777.14,0,0,1,SILVER,225
650,France,Male,32,2,84906.45,1,1,0,163216.48,0,0,1,GOLD,902
700,France,Female,37,7,0.0,2,1,0,17040.82,0,0,3,DIAMOND,341
666,France,Male,39,10,0.0,2,1,0,102999.33,0,0,5,SILVER,888
745,Germany,Male,51,3,99183.9,1,1,1,28922.25,0,0,5,SILVER,270
640,Spain,Male,29,5,197200.04,2,1,0,141453.62,0,0,1,PLATINUM,540
706,Germany,Female,46,7,111288.18,1,1,1,149170.25,1,1,2,DIAMOND,862
503,Spain,Male,25,7,0.0,1,0,1,192841.13,0,0,1,SILVER,417
733,Spain,Male,35,8,102918.38,1,1,1,45959.86,0,0,5,PLATINUM,899
758,Spain,Female,43,10,0.0,2,1,1,55313.44,0,0,2,GOLD,995
799,France,Female,30,9,0.0,2,1,0,136827.96,0,0,5,DIAMOND,888
559,Spain,Male,24,3,114739.92,1,1,0,85891.02,1,1,4,SILVER,327
626,Germany,Male,49,9,171787.84,2,1,0,187192.23,0,0,5,SILVER,398
562,France,Male,48,3,92347.96,1,1,1,163116.75,0,0,1,DIAMOND,876
669,France,Female,47,9,61196.54,1,1,0,58170.24,0,0,5,SILVER,269
686,France,Female,39,3,111695.62,1,0,0,136643.84,0,0,4,DIAMOND,408
681,France,Female,63,7,0.0,2,1,1,55054.48,0,0,1,PLATINUM,665
690,Spain,Female,48,2,0.0,2,1,1,3149.1,0,0,3,GOLD,712
726,Germany,Male,30,5,111375.32,2,1,0,2704.09,0,0,4,PLATINUM,622
767,Spain,Male,77,8,149083.7,1,1,1,190146.83,0,0,5,GOLD,383
626,Spain,Female,37,6,108269.37,1,1,0,5597.94,0,0,2,DIAMOND,457
703,France,Female,40,7,0.0,2,0,1,122518.5,0,0,4,GOLD,566
809,France,Male,43,2,0.0,2,1,1,132908.07,0,0,1,PLATINUM,706
688,Germany,Female,46,0,74458.25,1,0,1,6866.31,0,0,1,DIAMOND,752
697,Spain,Female,37,7,168066.87,1,1,0,35450.53,0,0,2,GOLD,231
683,France,Male,30,10,57657.49,1,0,0,79240.9,0,0,3,GOLD,905
634,Germany,Male,24,8,103097.85,1,1,1,157577.29,0,0,2,GOLD,532
679,France,Female,33,1,0.0,2,0,0,69608.48,0,0,5,DIAMOND,999
609,Spain,Female,43,6,86053.52,2,1,1,113276.46,1,1,5,PLATINUM,529
702,France,Male,34,4,100054.77,1,1,0,109496.45,0,0,3,PLATINUM,907
850,France,Female,46,3,0.0,2,1,1,187980.21,0,0,1,PLATINUM,318
619,Germany,Female,28,6,99152.73,2,1,0,48475.12,0,0,2,GOLD,321
592,Spain,Female,41,2,138734.94,1,1,0,90020.74,0,0,1,PLATINUM,308
605,France,Male,41,5,91612.91,1,1,1,28427.84,0,0,5,SILVER,529
574,France,Male,34,1,112572.39,1,0,0,165626.6,0,0,3,GOLD,788
643,Spain,Male,43,1,0.0,2,1,1,145764.4,0,0,5,GOLD,307
725,France,Male,46,6,0.0,2,1,0,161767.38,0,0,2,GOLD,393
648,Germany,Female,39,3,126935.98,2,0,1,57995.74,0,0,1,PLATINUM,693
758,Spain,Female,35,5,0.0,2,0,0,100365.51,0,0,1,DIAMOND,833
792,France,Male,30,8,0.0,2,1,0,199644.2,0,0,5,SILVER,630
743,France,Male,43,5,0.0,2,0,0,113079.19,1,1,5,SILVER,402
613,Germany,Male,40,1,147856.82,3,0,0,107961.11,1,1,2,SILVER,249
681,Germany,Female,44,3,105206.7,2,1,1,163558.36,0,0,2,GOLD,923
585,France,Female,39,7,0.0,2,1,0,2401.26,0,0,5,PLATINUM,601
479,Spain,Male,37,6,118433.94,1,0,1,160060.9,0,0,2,GOLD,956
778,Spain,Female,47,6,127299.34,2,1,0,124694.99,0,0,2,GOLD,859
582,Germany,Male,26,6,114450.32,1,1,1,14081.64,0,0,2,SILVER,480
507,France,Male,33,7,0.0,2,1,1,85411.01,0,0,2,PLATINUM,675
749,France,Male,42,1,129776.72,2,0,1,143538.51,0,0,5,DIAMOND,942
521,France,Female,32,2,136555.01,2,1,1,129353.21,0,0,1,DIAMOND,577
577,France,Male,41,6,0.0,1,1,1,167621.18,0,0,2,DIAMOND,545
681,Germany,Male,31,4,97338.19,2,0,0,48226.76,0,0,4,SILVER,675
538,France,Male,31,1,0.0,2,1,0,1375.46,0,0,1,PLATINUM,360
700,France,Female,36,4,0.0,2,1,0,130789.15,0,0,2,GOLD,663
542,Spain,Male,34,8,108653.93,1,0,1,144725.14,0,0,1,SILVER,522
750,France,Female,37,6,0.0,1,1,1,117948.0,1,1,2,GOLD,298
575,Spain,Male,53,1,84903.33,2,0,1,26015.8,0,0,3,GOLD,899
698,France,Female,57,9,111359.55,2,1,0,105715.01,0,0,5,GOLD,567
482,Germany,Female,48,2,69329.47,1,0,0,102640.52,1,1,5,DIAMOND,910
679,France,Male,34,7,160515.37,1,1,0,121904.14,0,0,2,DIAMOND,932
498,France,Female,31,10,0.0,2,1,0,13892.57,0,0,1,PLATINUM,433
478,France,Female,38,4,171913.87,1,1,0,51820.87,1,1,5,DIAMOND,551
597,Germany,Female,43,7,119127.46,2,1,0,55809.92,0,0,5,SILVER,981
807,Germany,Female,40,1,134590.21,1,1,1,46253.65,0,0,3,GOLD,779
598,France,Female,43,5,0.0,3,1,1,100722.72,1,1,1,SILVER,858
660,Germany,Male,24,5,85089.3,1,1,1,71638.0,0,0,3,PLATINUM,809
720,Spain,Male,31,4,141356.47,1,0,0,137985.69,0,0,2,SILVER,637
554,France,Female,35,10,74988.59,2,0,1,190155.13,0,0,1,PLATINUM,340
664,France,Female,31,7,104158.84,1,1,0,134169.85,0,0,2,PLATINUM,951
540,Germany,Male,35,7,127801.88,1,0,1,84239.46,0,0,5,GOLD,830
750,France,Female,32,5,0.0,2,1,0,95611.47,0,0,1,SILVER,872
619,Germany,Female,42,8,132796.04,3,1,1,191821.35,1,1,5,SILVER,845
350,Spain,Male,54,1,152677.48,1,1,1,191973.49,1,1,3,SILVER,643
545,France,Male,38,1,88293.13,2,1,1,24302.95,0,0,3,GOLD,331
527,France,Female,25,6,0.0,2,0,1,96758.58,0,0,3,SILVER,430
573,France,Female,36,1,0.0,1,1,1,56905.38,0,0,1,SILVER,417
480,Germany,Female,25,3,174330.35,2,0,0,181647.13,0,0,1,DIAMOND,425
483,France,Female,44,5,136836.49,1,1,0,192359.9,1,1,1,SILVER,853
596,Germany,Male,40,5,62389.03,3,1,0,148623.43,1,1,5,GOLD,791
691,Germany,Male,27,3,160358.68,2,1,0,142367.72,0,0,3,GOLD,527
763,France,Female,23,2,0.0,2,1,0,153983.99,0,0,4,DIAMOND,530
678,Spain,Male,29,6,0.0,2,1,0,64443.75,0,0,3,GOLD,775
614,France,Female,34,5,0.0,2,1,0,185561.89,0,0,5,SILVER,399
727,Spain,Male,38,2,62276.99,1,1,1,59280.79,0,0,4,DIAMOND,757
803,Germany,Male,34,4,142929.16,2,1,1,114869.56,0,0,2,GOLD,325
606,France,Male,61,5,108166.09,2,0,1,8643.21,0,0,3,DIAMOND,386
829,Germany,Female,27,9,112045.67,1,1,1,119708.21,1,1,3,DIAMOND,779
618,Spain,Female,40,8,0.0,2,1,0,80204.38,0,0,3,DIAMOND,897
714,Germany,Female,49,4,93059.34,1,1,0,7571.51,1,1,4,PLATINUM,381
602,Germany,Female,53,5,98268.84,1,0,1,45038.29,1,1,5,PLATINUM,813
684,Spain,Female,39,4,139723.9,1,1,1,120612.11,0,0,2,SILVER,254
646,France,Female,46,4,0.0,3,1,0,93251.42,1,1,3,PLATINUM,470
510,France,Male,65,2,0.0,2,1,1,48071.61,0,0,1,SILVER,280
686,France,Male,38,0,138131.34,1,0,1,115927.85,0,0,4,PLATINUM,385
610,France,Female,31,6,107784.65,1,1,1,141137.53,0,0,4,PLATINUM,998
774,France,Male,76,4,112510.89,1,1,1,143133.18,0,0,3,DIAMOND,914
560,Spain,Female,31,5,125341.69,1,1,0,79547.39,0,0,4,PLATINUM,797
558,France,Male,40,6,0.0,2,1,0,173844.89,0,0,2,PLATINUM,271
687,France,Female,35,3,99587.43,1,1,1,1713.1,1,1,5,SILVER,827
605,Spain,Male,33,5,150092.8,1,0,0,71862.79,0,0,3,DIAMOND,509
821,Germany,Male,45,0,135827.33,2,1,1,131778.58,0,0,5,PLATINUM,945
579,France,Female,33,1,65667.79,2,0,0,164608.98,0,0,2,GOLD,877
480,Germany,Male,44,10,129608.57,1,1,0,5472.7,1,1,1,GOLD,775
785,France,Female,38,1,0.0,1,1,0,134964.85,1,1,3,DIAMOND,526
657,Germany,Female,48,5,143595.87,1,0,0,101314.65,1,1,4,PLATINUM,944
788,France,Female,39,3,135139.33,1,0,1,113086.08,0,0,1,SILVER,444
684,Spain,Male,34,9,100628.0,2,1,1,190263.78,0,0,2,PLATINUM,451
537,France,Male,59,9,0.0,2,0,0,103799.77,1,1,4,GOLD,948
666,France,Male,30,7,109805.3,1,0,1,163625.56,0,0,4,DIAMOND,957
621,France,Male,34,6,0.0,2,1,1,99128.13,0,0,3,DIAMOND,248
771,Spain,Female,47,3,72664.0,2,1,1,107874.39,0,0,4,GOLD,862
694,Germany,Male,31,6,109052.59,2,1,1,19448.93,1,1,4,DIAMOND,991
585,Spain,Female,44,4,0.0,2,0,1,101728.46,0,0,4,DIAMOND,762
627,France,Female,21,7,98993.02,1,1,1,169156.64,0,0,4,DIAMOND,456
646,Germany,Female,30,10,100548.67,2,0,0,136983.77,0,0,2,DIAMOND,905
607,France,Male,31,8,0.0,2,1,1,43196.5,0,0,2,GOLD,738
606,Germany,Female,41,4,132670.53,1,1,0,156476.36,1,1,1,DIAMOND,785
595,France,Male,31,4,0.0,2,1,0,189995.86,0,0,2,PLATINUM,511
736,Spain,Female,26,4,135889.13,1,1,1,165692.03,0,0,4,PLATINUM,253
603,Spain,Female,39,5,162390.52,2,1,0,54702.66,0,0,5,GOLD,293
777,France,Female,32,2,0.0,1,1,0,136458.19,1,1,5,SILVER,917
649,Germany,Male,24,7,101195.23,1,0,0,133091.32,0,0,2,SILVER,536
772,Germany,Male,42,3,75075.31,2,1,0,92888.52,1,1,2,GOLD,339
653,France,Male,51,3,0.0,1,1,0,170426.65,1,1,3,SILVER,435
465,France,Male,33,5,0.0,2,0,1,78698.09,0,0,5,GOLD,1000
531,Spain,Male,27,8,132576.25,1,0,0,7222.92,0,0,5,SILVER,835
753,Germany,Female,38,9,151766.71,1,1,1,180829.99,0,0,1,GOLD,873
751,Germany,Female,36,6,169831.46,2,1,1,27758.36,0,1,5,GOLD,379
724,France,Female,34,3,132352.69,1,1,0,80320.3,0,0,4,DIAMOND,798
687,Spain,Female,39,2,0.0,3,0,0,188150.6,1,1,2,GOLD,616
704,Spain,Male,37,4,0.0,2,0,0,25684.93,0,0,5,SILVER,439
411,France,Female,54,9,0.0,1,0,1,76621.49,0,0,1,PLATINUM,739
815,France,Male,37,1,166115.42,1,1,0,67208.3,0,0,3,PLATINUM,335
619,France,Female,35,4,90413.12,1,1,1,20555.21,0,0,3,DIAMOND,389
596,France,Male,33,2,139451.67,1,0,0,63142.12,0,0,4,PLATINUM,640
632,Spain,Male,38,1,120599.21,1,1,0,92816.86,0,0,3,DIAMOND,666
608,Germany,Female,40,7,96202.32,1,0,0,161154.85,0,0,5,SILVER,822
494,France,Female,35,9,112727.06,2,1,0,183752.91,0,0,2,DIAMOND,697
559,France,Female,43,1,0.0,2,1,1,196645.87,0,0,2,DIAMOND,701
683,France,Male,25,4,0.0,2,1,0,152698.24,0,0,3,PLATINUM,637
647,Germany,Female,22,3,97975.82,2,0,1,62083.0,0,0,5,DIAMOND,299
555,France,Male,40,10,139930.18,1,1,1,105720.09,0,0,1,SILVER,872
522,Spain,Male,30,3,0.0,2,1,0,145490.85,0,0,4,SILVER,654
603,France,Male,44,9,0.0,1,1,0,138328.24,0,0,5,DIAMOND,696
744,France,Male,29,1,43504.42,1,1,1,119327.75,0,0,1,PLATINUM,607
601,France,Male,74,2,0.0,2,0,1,51554.58,0,0,5,DIAMOND,564
752,France,Male,39,3,0.0,1,1,0,188187.05,0,0,3,GOLD,839
580,Germany,Female,38,1,128218.47,1,1,0,125953.83,1,1,5,PLATINUM,951
500,Spain,Male,38,7,0.0,2,0,0,192013.23,0,0,2,DIAMOND,870
401,Germany,Male,48,8,128140.17,1,1,0,175753.55,1,1,2,GOLD,382
598,Spain,Male,27,8,90721.52,2,1,0,109296.18,0,0,1,GOLD,698
637,Germany,Female,46,2,143500.82,1,1,0,166996.46,1,1,2,DIAMOND,372
588,Spain,Female,35,7,0.0,2,1,1,108739.15,0,0,1,SILVER,221
536,France,Female,41,9,0.0,1,1,0,121299.14,0,0,3,GOLD,685
690,France,Male,38,1,94456.0,2,0,1,55034.02,0,0,3,GOLD,240
708,Spain,Female,41,5,0.0,1,0,1,157003.99,0,0,3,SILVER,256
628,Germany,Male,39,1,115341.19,1,1,1,107674.3,1,1,4,SILVER,887
726,France,Female,53,1,113537.73,1,0,1,28367.21,0,0,4,GOLD,276
651,Germany,Male,31,7,138008.06,2,1,0,129912.74,0,0,3,DIAMOND,423
597,Spain,Male,26,5,0.0,2,0,1,95159.13,0,0,3,GOLD,545
678,Germany,Male,32,4,139626.01,1,1,1,118235.52,1,1,3,PLATINUM,287
749,Germany,Female,32,7,79523.13,1,0,1,157648.12,0,0,5,GOLD,628
658,Germany,Female,55,8,119327.93,1,0,1,119439.66,0,0,5,DIAMOND,397
583,Germany,Male,39,8,102945.01,1,0,0,52861.89,0,0,3,GOLD,802
652,Spain,Female,40,7,100471.34,1,1,1,124550.88,0,0,3,GOLD,840
737,France,Male,28,8,0.0,2,1,0,106390.01,0,0,2,SILVER,934
850,Spain,Male,37,4,88141.1,1,1,0,109659.12,0,0,1,GOLD,228
807,France,Male,43,1,105799.32,2,1,0,34888.04,1,1,4,DIAMOND,924
540,Spain,Male,28,8,0.0,2,0,0,197588.32,0,0,3,SILVER,463
615,France,Male,49,3,0.0,2,1,1,49872.33,0,0,5,GOLD,678
698,Germany,Male,44,10,116363.37,2,1,0,198059.16,0,0,4,SILVER,829
726,France,Male,34,9,0.0,2,0,0,14121.61,0,0,3,SILVER,616
762,France,Female,51,3,99286.98,1,0,1,85578.63,0,0,5,SILVER,887
640,Spain,Female,32,6,118879.35,2,1,1,19131.71,0,0,2,PLATINUM,869
778,Germany,Female,29,7,123229.46,1,1,0,181221.09,0,0,3,PLATINUM,977
850,Germany,Male,43,0,108508.82,3,1,0,184044.8,1,1,5,PLATINUM,721
755,France,Male,34,3,0.0,2,1,1,158816.03,0,0,1,PLATINUM,671
610,Spain,Male,46,5,91897.8,1,1,0,54394.28,0,0,1,SILVER,914
629,France,Female,31,6,0.0,1,1,1,16447.6,1,1,3,PLATINUM,427
615,France,Male,41,4,130385.82,1,0,1,130661.95,0,0,2,SILVER,448
841,Germany,Male,32,2,117070.21,1,1,0,113482.2,0,0,3,SILVER,697
636,France,Female,38,1,0.0,1,1,0,45015.38,0,0,3,DIAMOND,360
487,France,Male,24,7,133628.09,2,1,1,98570.01,0,0,4,GOLD,223
729,Spain,Female,38,10,0.0,2,1,0,189727.12,0,0,1,PLATINUM,975
565,Spain,Male,38,0,122447.76,1,0,0,67339.34,0,0,4,PLATINUM,652
626,France,Female,34,3,0.0,2,1,1,37870.29,0,0,1,SILVER,604
539,Germany,Female,34,4,91622.42,1,1,1,136603.42,0,0,5,PLATINUM,714
675,Germany,Male,42,2,92616.64,2,1,0,8567.18,0,0,1,DIAMOND,960
773,Germany,Male,51,8,116197.65,2,1,1,86701.4,0,0,3,GOLD,345
528,Spain,Female,32,0,68138.37,1,1,1,170309.19,0,0,2,SILVER,871
693,Germany,Male,45,2,116546.59,2,0,0,23140.28,1,1,5,DIAMOND,235
722,France,Female,35,2,163943.89,2,1,1,15068.18,0,0,1,GOLD,883
611,Spain,Female,28,3,96381.68,2,1,0,181419.29,0,0,3,GOLD,855
786,Spain,Female,32,6,114512.59,1,1,0,15796.66,0,0,3,DIAMOND,229
528,France,Female,26,10,102073.67,2,0,0,166799.93,0,0,4,SILVER,370
557,Spain,Male,34,3,0.0,1,0,1,123427.98,0,0,4,GOLD,489
692,Spain,Female,47,3,0.0,2,1,0,150802.41,1,1,3,SILVER,525
687,Germany,Female,41,2,154007.21,1,1,0,158408.23,0,0,5,SILVER,410
613,France,Male,44,3,0.0,2,0,1,136491.72,0,0,5,GOLD,462
636,Spain,Male,36,1,0.0,3,1,1,74048.1,1,1,5,DIAMOND,244
716,France,Male,31,8,109578.04,2,1,1,51503.51,0,0,1,DIAMOND,393
796,France,Male,30,2,137262.71,2,1,0,62905.29,0,0,1,SILVER,935
473,France,Female,25,6,110666.42,2,0,0,46758.42,0,0,3,SILVER,442
584,Germany,Female,30,8,112013.81,1,1,0,177772.03,1,1,4,PLATINUM,641
490,Germany,Female,41,0,139659.04,1,1,1,176254.12,0,0,5,SILVER,312
636,Germany,Female,37,9,157098.52,1,1,1,153535.27,0,0,3,SILVER,638
703,Spain,Male,58,4,92930.92,1,0,1,85148.78,0,0,4,DIAMOND,243
850,Spain,Male,35,7,110349.82,1,0,0,126355.8,0,0,2,PLATINUM,445
695,France,Female,42,5,0.0,1,0,1,72172.13,1,1,5,PLATINUM,583
692,France,Female,30,7,0.0,2,1,1,18826.34,0,0,3,DIAMOND,973
513,Spain,Male,88,10,0.0,2,1,1,52952.24,0,0,1,PLATINUM,627
681,Spain,Male,65,7,134714.7,2,0,1,190419.81,0,0,3,GOLD,854
517,France,Male,28,2,115062.61,1,1,0,179056.23,0,0,2,GOLD,910
644,France,Male,37,6,117271.8,2,1,0,104217.96,1,1,5,PLATINUM,949
730,Spain,Female,39,6,140094.59,1,1,0,172450.04,1,1,4,GOLD,408
649,Germany,Female,50,5,155393.32,1,1,1,87351.42,1,1,5,DIAMOND,312
477,Germany,Female,39,4,182491.57,1,1,0,185830.72,0,0,3,SILVER,333
724,France,Female,69,5,117866.92,1,1,1,62280.91,0,0,3,PLATINUM,876
623,France,Female,29,1,0.0,2,0,0,39382.06,0,0,2,SILVER,252
678,Spain,Female,40,4,113794.22,1,1,0,16618.76,0,0,4,PLATINUM,831
649,France,Female,41,3,130931.83,1,1,1,144808.37,0,0,1,PLATINUM,457
517,Spain,Male,39,3,0.0,2,0,1,12465.51,0,0,5,PLATINUM,805
555,Spain,Male,32,4,0.0,2,1,1,54405.79,0,0,4,DIAMOND,850
557,France,Female,27,3,87739.08,1,1,1,123096.56,0,0,2,SILVER,490
511,France,Male,33,7,0.0,2,0,1,158313.87,0,0,4,PLATINUM,413
529,France,Female,31,7,0.0,2,1,1,175697.87,0,0,3,SILVER,578
628,Germany,Female,51,9,155903.82,2,1,1,71159.84,0,0,5,SILVER,597
794,France,Male,56,9,96951.21,1,1,1,71776.76,0,0,2,PLATINUM,694
643,Germany,Male,28,9,160858.13,2,1,0,27149.27,0,0,4,DIAMOND,349
588,France,Female,34,3,120777.88,1,1,1,131729.52,0,0,5,GOLD,512
576,France,Female,50,8,0.0,2,1,1,57802.62,0,0,4,PLATINUM,905
714,France,Male,40,9,46520.69,1,1,1,96687.25,0,0,4,PLATINUM,860
667,Germany,Female,39,4,83765.35,2,1,0,118358.54,0,0,3,PLATINUM,609
831,France,Female,34,2,0.0,2,0,0,165840.94,0,0,3,GOLD,469
618,Spain,Male,33,4,0.0,2,1,1,77550.18,0,0,1,SILVER,273
668,Germany,Male,37,10,152958.29,2,1,1,159585.61,0,0,2,SILVER,743
701,France,Male,41,10,0.0,2,1,1,146257.77,0,0,4,PLATINUM,629
532,France,Male,43,9,0.0,2,0,0,190573.91,1,1,3,PLATINUM,559
559,France,Female,43,1,0.0,1,0,1,86634.3,0,0,5,PLATINUM,830
715,France,Male,32,8,175307.32,1,1,0,187051.23,0,0,3,GOLD,672
700,France,Female,82,2,0.0,2,0,1,182055.36,0,0,2,GOLD,603
623,France,Female,57,7,71481.79,2,1,1,84421.34,0,0,3,DIAMOND,847
611,France,Male,30,2,104145.65,1,0,0,159629.64,0,0,2,SILVER,741
522,Germany,Male,25,1,111432.13,1,1,1,168683.57,0,0,4,GOLD,963
817,France,Female,37,6,81070.34,2,1,0,80985.88,0,0,5,PLATINUM,518
758,Germany,Male,41,10,79857.64,1,1,1,78088.17,0,0,3,DIAMOND,824
725,Germany,Female,33,7,115182.84,2,1,1,177279.41,0,0,2,PLATINUM,470
651,France,Male,36,7,0.0,2,1,0,13898.31,0,0,1,GOLD,545
718,Spain,Female,49,10,82321.88,1,0,1,11144.4,0,0,3,SILVER,843
554,France,Male,33,3,117413.95,1,1,1,12766.74,0,0,5,PLATINUM,574
609,Germany,Male,33,6,94126.67,1,0,0,93718.16,0,0,1,PLATINUM,1000
601,Germany,Female,49,4,96252.98,2,1,0,104263.82,0,0,4,GOLD,390
759,France,Female,45,8,0.0,2,1,1,99251.24,0,0,1,DIAMOND,292
810,France,Male,32,9,120879.73,2,0,1,78896.59,0,0,2,PLATINUM,578
480,France,Female,42,1,152160.21,2,1,0,101778.9,0,0,3,DIAMOND,323
637,Germany,Male,40,9,154309.67,1,1,1,125334.16,1,1,3,PLATINUM,659
749,Germany,Male,54,3,144768.94,1,1,0,93336.3,1,1,1,SILVER,378
551,France,Male,35,7,129717.3,2,0,0,86937.2,0,0,2,DIAMOND,942
773,France,Female,40,10,0.0,2,0,1,69303.15,0,0,3,PLATINUM,826
520,France,Male,31,4,93249.4,1,1,0,77335.75,0,0,1,DIAMOND,759
801,Spain,Female,46,6,0.0,2,1,1,170008.74,0,0,3,SILVER,557
601,Germany,Female,42,9,133636.16,1,0,1,103315.74,0,0,4,SILVER,336
680,Spain,Male,42,0,0.0,1,1,0,136377.21,0,0,3,DIAMOND,821
597,Spain,Male,35,0,127510.99,1,1,1,155356.34,0,0,4,SILVER,868
590,Spain,Male,22,7,125265.61,1,1,1,161253.08,0,0,5,PLATINUM,851
584,Germany,Male,33,3,88311.48,2,1,1,177651.38,0,0,1,SILVER,882
591,Spain,Female,39,3,0.0,3,1,0,140469.38,1,1,3,DIAMOND,298
549,Spain,Female,24,9,0.0,2,1,1,14406.41,0,0,3,SILVER,544
595,Germany,Female,44,4,96553.52,2,1,0,143952.24,1,1,4,DIAMOND,666
508,France,Female,41,5,0.0,2,1,1,94170.84,0,0,3,PLATINUM,821
657,Spain,Male,42,5,41473.33,1,1,0,112979.6,1,1,2,GOLD,603
541,Germany,Male,51,7,90373.28,2,1,0,179861.79,0,0,4,PLATINUM,935
789,France,Male,27,6,0.0,2,1,0,103603.65,0,0,5,GOLD,859
531,Spain,Male,70,1,0.0,2,0,0,99503.19,0,0,2,PLATINUM,982
656,Spain,Male,26,4,139584.57,1,1,0,36308.93,0,0,4,SILVER,641
526,Spain,Female,36,5,91132.18,1,0,0,58111.71,0,0,1,DIAMOND,485
542,France,Male,39,3,135096.77,1,1,1,14353.43,1,1,2,PLATINUM,328
698,France,Male,37,8,0.0,2,0,0,145004.39,0,0,4,DIAMOND,422
725,France,Female,31,6,0.0,1,0,0,61326.43,0,0,1,DIAMOND,503
547,Germany,Male,50,3,81290.02,3,0,1,177747.03,1,1,4,DIAMOND,899
673,Germany,Female,34,1,127122.79,3,0,1,76703.1,0,0,5,DIAMOND,520
681,France,Female,79,0,0.0,2,0,1,170968.99,0,0,5,DIAMOND,333
543,Spain,Male,37,3,0.0,2,1,1,78915.68,0,0,2,PLATINUM,701
550,France,Female,48,6,0.0,2,1,1,191870.28,0,0,2,PLATINUM,730
597,Spain,Female,30,2,119370.11,1,1,1,182726.22,1,1,4,SILVER,851
594,Germany,Male,40,0,152092.44,2,1,1,83508.93,0,0,5,DIAMOND,373
706,Spain,Female,29,1,209490.21,1,1,1,133267.69,1,1,2,DIAMOND,243
638,France,Female,48,10,138333.03,1,1,1,47679.14,0,0,3,SILVER,893
693,France,Male,31,2,0.0,2,1,1,107759.31,0,0,1,PLATINUM,863
642,Germany,Female,30,5,129753.69,1,1,0,582.53,0,0,1,SILVER,515
597,Spain,Male,24,0,108058.07,2,1,1,187826.11,0,0,3,PLATINUM,676
701,Spain,Male,26,5,83600.24,1,0,1,59195.05,0,0,2,DIAMOND,916
544,Spain,Female,53,9,0.0,1,1,0,125692.07,1,1,4,DIAMOND,364
594,France,Female,31,0,79340.95,1,1,0,78255.86,0,0,5,PLATINUM,400
698,France,Male,48,4,101238.24,2,0,1,177815.87,1,1,1,GOLD,342
472,France,Female,37,1,0.0,2,1,1,48357.9,0,0,3,SILVER,793
640,France,Female,33,6,84719.13,2,1,1,113048.79,0,0,3,SILVER,853
662,France,Female,22,9,0.0,2,1,1,44377.65,0,0,1,SILVER,910
664,France,Male,36,1,0.0,2,1,1,95372.64,0,0,4,PLATINUM,507
627,Germany,Male,28,5,71097.23,1,1,1,130504.49,0,0,2,DIAMOND,621
726,France,Female,24,6,0.0,2,1,1,54724.03,0,0,4,GOLD,477
621,France,Male,26,2,75237.54,1,0,1,44220.4,0,0,4,SILVER,459
668,Germany,Female,32,10,92041.87,1,1,1,43595.9,0,0,2,SILVER,995
607,Spain,Male,34,9,132439.99,1,1,0,177747.72,0,0,3,PLATINUM,768
701,France,Female,34,3,105588.66,1,0,1,74694.41,0,0,4,SILVER,316
636,France,Female,45,7,139859.23,1,1,1,108402.54,0,0,3,GOLD,393
652,Spain,Female,42,3,83492.07,2,1,0,37914.12,0,0,1,PLATINUM,343
496,Germany,Female,59,7,91680.1,2,1,0,163141.18,1,1,4,GOLD,609
795,France,Female,40,2,101891.1,1,1,1,183044.86,0,0,4,GOLD,461
767,Germany,Male,20,3,119714.25,2,0,1,150135.38,0,0,4,DIAMOND,535
529,France,Male,42,1,157498.9,1,1,1,82276.62,0,0,5,SILVER,639
600,France,Male,29,8,0.0,2,0,1,34747.43,0,0,4,SILVER,738
777,France,Male,23,6,0.0,2,1,1,163225.48,0,0,4,PLATINUM,605
713,France,Female,42,3,0.0,2,0,0,82565.01,0,0,2,SILVER,521
669,France,Male,43,1,163159.85,1,0,1,15602.8,0,0,5,PLATINUM,952
773,Spain,Male,43,7,138150.57,1,1,1,177357.16,0,0,2,SILVER,936
747,Spain,Female,41,5,94521.17,2,1,0,194926.86,0,0,1,DIAMOND,806
617,Spain,Female,36,7,115617.24,1,1,1,71519.4,0,0,4,DIAMOND,801
684,Spain,Female,36,5,174180.39,1,1,0,119830.08,0,0,1,DIAMOND,364
541,Germany,Female,39,9,100116.67,1,1,1,199808.1,1,1,2,GOLD,635
542,France,Female,25,7,0.0,2,0,1,82393.08,0,0,3,PLATINUM,266
580,France,Male,31,2,0.0,2,0,1,64014.24,0,0,1,PLATINUM,316
612,Germany,Female,62,8,140745.33,1,1,0,193437.89,1,1,5,GOLD,455
603,Germany,Male,44,6,108122.39,2,1,0,108488.33,1,1,3,GOLD,652
586,Germany,Female,47,5,157099.47,2,1,1,65481.86,0,0,1,DIAMOND,576
701,Spain,Female,33,7,123870.07,1,1,0,97794.71,0,0,1,GOLD,942
429,France,Male,24,4,95741.75,1,1,0,46170.75,0,0,2,GOLD,352
702,France,Male,45,0,80793.58,1,1,1,27474.81,0,0,2,DIAMOND,994
670,Spain,Male,43,1,97792.21,1,0,0,120225.62,0,0,4,SILVER,701
712,France,Female,33,6,0.0,2,1,1,190686.16,0,0,5,GOLD,460
690,France,Female,36,6,110480.48,1,0,0,81292.33,0,0,4,GOLD,276
585,Spain,Male,45,0,0.0,2,0,0,189683.7,0,0,3,DIAMOND,957
656,France,Male,45,5,127864.4,1,1,0,87107.57,0,0,2,PLATINUM,221
579,Germany,Female,42,3,137560.38,2,1,1,85424.34,0,0,2,PLATINUM,909
689,Spain,Female,63,1,0.0,2,1,1,186526.12,0,0,1,GOLD,371
592,France,Male,37,3,96651.03,1,1,1,3232.82,0,0,2,GOLD,710
633,France,Female,39,9,129189.15,2,0,0,170998.83,0,0,1,GOLD,757
671,Spain,Female,29,6,0.0,2,0,0,12048.67,0,0,2,GOLD,328
608,Germany,Female,38,8,103653.51,2,1,1,137079.86,0,0,3,SILVER,843
726,France,Female,34,0,185734.75,1,1,1,102036.82,0,0,1,SILVER,691
518,France,Female,45,9,105525.65,2,1,1,73418.29,0,0,3,DIAMOND,610
723,Germany,Male,37,3,94661.53,2,1,0,121239.65,0,0,2,SILVER,279
675,France,Male,28,9,0.0,1,1,0,134110.93,0,0,2,DIAMOND,817
634,Spain,Male,63,10,0.0,2,1,0,30772.86,1,1,3,DIAMOND,350
549,Germany,Female,37,1,130622.34,2,1,1,128499.94,0,0,3,SILVER,623
671,Spain,Male,32,6,123912.78,2,1,1,146636.44,0,0,1,PLATINUM,748
757,France,Male,29,8,130306.49,1,1,0,77469.38,0,0,1,GOLD,889
568,Spain,Female,27,1,116320.68,1,0,1,45563.94,0,0,4,DIAMOND,376
729,Germany,Male,30,6,63669.42,1,1,0,145111.37,0,0,2,GOLD,484
667,Spain,Female,39,2,0.0,2,1,0,40721.24,1,1,5,PLATINUM,308
580,Germany,Male,38,9,115442.19,2,1,0,128481.5,1,1,3,GOLD,681
703,France,Female,45,5,0.0,2,1,0,131906.44,0,0,3,PLATINUM,599
554,Spain,Male,30,6,135370.12,1,1,1,179689.05,1,1,4,PLATINUM,664
486,France,Female,39,8,97819.36,1,0,1,120531.31,0,0,3,PLATINUM,408
688,Spain,Female,24,3,0.0,2,1,1,102195.16,0,0,5,DIAMOND,739
445,Germany,Female,48,7,168286.58,1,1,0,16645.77,1,1,5,DIAMOND,938
676,Spain,Female,30,5,0.0,2,0,0,179066.58,0,0,3,DIAMOND,705
812,Spain,Male,38,3,127117.8,2,1,1,174822.74,0,0,1,PLATINUM,730
710,Spain,Female,75,5,0.0,2,1,1,9376.89,0,0,1,GOLD,857
701,Spain,Female,21,9,0.0,2,1,1,26327.42,0,0,3,PLATINUM,434
585,France,Female,34,1,0.0,1,1,1,75503.6,0,0,3,GOLD,503
559,Spain,Female,27,1,0.0,1,0,1,1050.33,0,0,5,DIAMOND,658
636,Spain,Male,52,4,111284.53,1,0,1,32936.44,1,1,2,PLATINUM,858
508,France,Female,38,3,166328.65,2,0,1,22614.19,0,0,3,DIAMOND,789
572,Germany,Female,48,3,152827.99,1,1,0,38411.79,1,1,5,GOLD,352
591,Spain,Male,36,7,135216.8,1,1,1,122022.89,0,0,1,GOLD,710
769,France,Male,29,4,145471.37,1,1,0,188382.77,0,0,3,PLATINUM,378
458,Germany,Female,28,2,171932.26,2,1,1,9578.24,0,0,4,GOLD,582
634,France,Female,24,2,87413.19,1,1,0,63340.65,0,0,5,GOLD,505
590,Spain,Female,34,6,0.0,2,1,0,171021.44,0,0,4,PLATINUM,360
461,Spain,Female,25,6,0.0,2,1,1,15306.29,0,0,1,PLATINUM,539
571,France,Female,23,10,151097.28,1,0,1,17163.75,0,0,2,GOLD,841
850,Germany,Female,26,8,123126.29,1,1,0,74425.41,0,0,5,DIAMOND,240
679,France,Female,43,4,0.0,3,1,0,115136.51,1,1,2,DIAMOND,961
669,France,Female,38,8,0.0,2,1,0,84049.16,0,0,4,PLATINUM,800
723,France,Female,49,4,0.0,2,0,1,89972.25,0,0,1,PLATINUM,886
735,France,Female,33,4,0.0,2,1,0,149474.69,0,0,2,DIAMOND,999
838,Spain,Female,40,6,61671.19,1,0,1,150659.35,1,1,3,GOLD,228
702,Spain,Male,30,2,0.0,2,1,1,145537.32,0,0,3,GOLD,786
617,Spain,Male,34,9,0.0,2,1,0,118749.58,0,0,1,PLATINUM,561
688,France,Male,52,1,0.0,2,1,1,172033.57,0,0,1,DIAMOND,635
517,France,Male,41,2,0.0,2,0,1,75937.47,0,0,4,SILVER,540
555,Spain,Male,33,5,127343.4,1,0,1,121789.3,0,0,1,PLATINUM,311
716,France,Female,40,3,0.0,2,0,1,167636.15,0,0,2,DIAMOND,910
809,France,Male,24,7,109558.36,1,1,0,183515.13,0,0,5,GOLD,483
710,France,Male,40,5,0.0,2,0,0,162878.96,0,0,2,DIAMOND,219
661,France,Female,41,1,0.0,2,0,1,131300.68,0,0,1,PLATINUM,671
527,Spain,Female,36,6,0.0,2,1,1,102280.29,0,0,5,DIAMOND,823
559,France,Male,62,6,118756.62,1,1,1,20367.68,0,0,5,PLATINUM,931
748,Spain,Male,60,3,0.0,2,1,1,78194.37,0,0,1,DIAMOND,505
696,Spain,Female,36,7,0.0,2,1,1,82298.59,0,0,3,PLATINUM,291
678,Germany,Male,36,1,117864.85,2,1,0,27619.06,0,0,3,SILVER,643
592,Spain,Male,45,8,84692.5,1,0,1,67214.02,0,0,5,DIAMOND,551
634,France,Female,45,2,0.0,4,1,0,101039.53,1,1,2,SILVER,611
685,France,Male,33,6,174912.72,1,1,1,43932.54,0,0,1,PLATINUM,948
742,Germany,Male,55,5,155196.17,1,0,1,121207.66,1,1,5,DIAMOND,862
624,France,Male,36,6,0.0,2,0,0,84635.64,0,0,5,DIAMOND,813
601,France,Female,41,1,0.0,2,0,1,160607.06,0,0,4,SILVER,856
681,France,Female,58,8,93173.88,1,1,1,139761.25,0,0,2,DIAMOND,797
702,Spain,Male,43,6,116121.67,1,1,0,61602.42,0,0,2,DIAMOND,488
796,Germany,Female,40,1,99745.95,1,1,0,177524.19,0,0,2,DIAMOND,547
625,France,Male,49,6,173434.9,1,1,0,165580.93,1,1,3,SILVER,835
569,Germany,Male,35,2,109196.66,3,1,0,109393.19,1,1,1,DIAMOND,529
703,Spain,Male,29,9,0.0,2,1,0,50679.48,0,0,3,DIAMOND,242
469,Germany,Male,38,9,113599.42,1,0,0,11950.29,0,0,3,DIAMOND,880
524,Germany,Female,31,10,67238.98,2,1,1,161811.23,0,0,5,GOLD,685
643,France,Male,30,5,94443.77,1,1,1,165614.4,0,0,2,GOLD,606
648,Germany,Female,51,2,116574.84,1,1,0,4121.04,1,1,1,PLATINUM,244
595,Germany,Female,25,7,106570.34,2,0,1,177025.79,0,0,3,GOLD,506
799,Germany,Male,31,9,154586.92,1,0,1,88604.89,1,1,4,SILVER,665
618,France,Male,56,7,0.0,1,1,1,142400.27,1,1,5,DIAMOND,444
675,France,Female,21,8,98373.26,1,1,0,18203.0,0,0,5,SILVER,985
724,France,Male,40,10,0.0,1,1,0,127847.25,1,1,5,GOLD,699
678,France,Female,41,1,143443.61,1,1,0,196622.28,1,1,4,PLATINUM,407
748,France,Female,34,8,0.0,2,1,0,53584.03,0,0,4,GOLD,932
637,France,Male,32,3,0.0,2,1,1,197827.06,0,0,5,SILVER,704
712,France,Female,27,2,133009.51,1,1,0,126809.15,0,0,5,PLATINUM,584
515,France,Male,40,0,109542.29,1,1,1,166370.81,0,0,5,GOLD,312
709,Spain,Female,45,2,0.0,2,0,1,162922.65,0,0,1,PLATINUM,815
542,France,Female,42,1,0.0,1,1,1,178256.58,1,1,2,GOLD,600
639,France,Female,35,1,103015.12,2,1,1,139094.12,0,0,1,PLATINUM,467
805,Germany,Female,33,3,105663.56,2,0,1,33330.89,0,0,3,SILVER,709
626,France,Female,29,4,105767.28,2,0,0,41104.82,0,0,1,PLATINUM,838
669,Spain,Male,51,3,88827.53,1,0,0,85250.77,1,1,3,DIAMOND,612
676,France,Female,32,5,0.0,2,1,1,75465.41,0,0,5,DIAMOND,862
619,France,Female,28,3,0.0,2,1,0,53394.12,0,0,3,PLATINUM,658
566,France,Male,42,3,108010.78,1,1,1,157486.1,0,0,3,GOLD,509
537,Germany,Male,66,8,103291.25,2,1,1,130664.79,0,0,4,GOLD,458
514,Germany,Female,45,3,109032.23,1,0,1,155407.21,1,1,2,DIAMOND,764
623,France,Female,24,5,0.0,2,1,0,116160.04,0,0,1,GOLD,776
748,France,Male,38,4,115221.36,1,0,1,70956.75,0,0,5,PLATINUM,986
658,France,Male,42,8,102870.93,1,0,1,103764.55,1,1,4,PLATINUM,811
584,Spain,Female,59,1,0.0,1,0,1,130260.11,1,1,1,PLATINUM,462
715,France,Female,31,3,110581.29,1,1,1,94715.24,0,0,2,PLATINUM,964
724,France,Male,28,5,97612.12,1,1,1,96498.14,0,0,2,DIAMOND,898
673,France,Male,32,8,121240.76,1,1,0,116969.73,0,0,2,DIAMOND,296
711,France,Female,37,8,113899.92,1,0,0,80215.2,0,0,3,SILVER,436
539,France,Female,22,0,100885.93,2,1,1,38772.65,0,0,5,GOLD,725
639,France,Male,77,6,80926.02,2,1,1,55829.25,0,0,5,GOLD,291
680,France,Male,44,7,108724.98,1,0,1,72330.46,0,0,4,GOLD,973
630,France,Female,40,7,0.0,2,1,1,34453.17,0,0,4,GOLD,777
580,Germany,Male,76,2,130334.84,2,1,1,51672.08,0,0,5,DIAMOND,756
686,France,Female,41,10,0.0,1,1,1,144272.71,1,1,5,GOLD,875
558,Germany,Male,26,1,148853.29,2,1,1,24411.02,0,0,5,SILVER,407
479,Germany,Male,51,1,107714.74,3,1,0,86128.21,1,1,2,DIAMOND,451
639,France,Male,22,4,0.0,2,1,0,28188.96,0,0,2,GOLD,416
693,France,Male,43,6,128760.32,1,1,0,36342.79,0,0,2,PLATINUM,488
559,France,Female,48,2,0.0,2,0,1,137961.41,0,0,3,GOLD,640
587,Spain,Female,34,1,0.0,2,1,1,97932.68,0,0,4,DIAMOND,749
709,Spain,Male,62,3,0.0,2,1,1,82195.15,0,0,4,SILVER,557
692,France,Male,69,10,154953.94,1,1,1,70849.47,0,0,3,SILVER,648
535,France,Female,27,6,0.0,2,0,1,49775.58,0,0,3,SILVER,786
724,Spain,Male,41,5,0.0,1,0,1,115753.94,0,0,5,DIAMOND,540
721,Spain,Female,33,4,72535.45,1,1,1,103931.49,0,0,5,GOLD,739
589,Germany,Female,36,9,140355.56,2,1,0,136329.96,0,0,2,PLATINUM,236
749,France,Female,26,6,0.0,2,0,1,34948.77,0,0,4,GOLD,240
741,France,Female,36,3,0.0,2,1,1,89804.83,0,0,1,SILVER,900
443,Spain,Male,36,6,70438.01,2,0,1,56937.43,0,0,4,GOLD,858
649,Spain,Male,36,8,0.0,2,1,0,161668.15,0,0,3,GOLD,354
455,France,Female,27,5,155879.09,2,0,0,70774.97,0,0,3,SILVER,967
714,Germany,Male,28,7,77776.39,1,1,0,177737.07,0,0,3,DIAMOND,264
524,France,Male,29,7,0.0,2,1,1,105448.74,0,0,3,PLATINUM,717
550,Germany,Male,38,2,103391.38,1,0,1,90878.13,0,0,3,DIAMOND,960
677,France,Female,36,7,0.0,1,1,0,47318.75,0,0,5,SILVER,784
543,France,Female,31,4,138317.94,1,0,0,61843.73,0,0,4,PLATINUM,759
707,France,Female,35,9,0.0,2,1,1,70403.65,0,0,2,SILVER,860
622,France,Male,41,2,127087.06,1,1,0,102402.91,1,1,2,GOLD,675
607,Germany,Male,47,4,148826.32,1,1,1,79450.61,0,0,5,GOLD,837
682,Germany,Female,35,2,117438.92,2,1,1,16910.98,0,0,5,PLATINUM,348
616,France,Male,46,2,0.0,2,1,0,137136.46,0,0,2,GOLD,646
605,Germany,Male,28,10,113690.83,1,1,0,33114.24,0,0,5,DIAMOND,943
528,France,Male,34,1,125566.9,1,1,1,176763.27,0,0,5,PLATINUM,777
605,France,Female,34,2,0.0,1,0,0,35982.42,0,0,2,SILVER,723
597,Spain,Female,46,4,0.0,2,1,0,58667.16,1,1,5,SILVER,666
803,Spain,Female,45,7,0.0,2,1,1,128378.04,0,0,1,PLATINUM,589
783,Germany,Female,42,2,139707.28,1,1,0,2150.22,0,0,2,GOLD,501
597,Spain,Female,66,3,0.0,1,1,1,70532.53,0,0,2,DIAMOND,414
763,Spain,Male,37,8,0.0,2,1,1,933.38,0,0,1,DIAMOND,560
584,France,Female,44,5,95671.75,2,1,1,106564.88,0,0,2,SILVER,662
677,Spain,Female,34,4,0.0,2,1,1,6175.53,0,0,4,DIAMOND,839
765,France,Male,40,6,138033.55,1,1,1,67972.45,0,0,5,PLATINUM,739
607,Germany,Male,38,3,98205.77,1,1,0,176318.27,0,0,4,PLATINUM,354
588,Germany,Female,35,1,103060.63,1,1,0,179866.01,1,1,5,DIAMOND,697
583,France,Male,33,7,122531.86,1,1,0,13549.24,0,0,1,SILVER,313
569,Spain,Female,51,3,0.0,3,1,0,75084.96,1,1,2,SILVER,411
692,Spain,Female,34,4,109699.08,1,1,1,37898.91,0,0,2,SILVER,489
663,France,Male,39,4,0.0,1,1,0,76884.05,0,0,1,DIAMOND,900
528,France,Male,31,6,102016.72,2,0,0,80181.12,0,0,3,GOLD,264
